link_id,u,v,key,osmid,oneway,lanes,name,highway,road_type,reversed,length,geometry,maxspeed,width,ref,access,y,x
0,0,222,0,10741734,TRUE,2,Καματερού,primary,1,FALSE,6.341,"LINESTRING (23.726682 37.9871724, 23.7267319 37.9871311)",,,,,37.9871311,23.7267319
1,0,68,0,384593008,TRUE,2,Μάρνη,secondary,2,FALSE,25.295,"LINESTRING (23.726682 37.9871724, 23.7265929 37.9871202, 23.7264514 37.9870356)",,,,,37.9870356,23.7264514
2,1,145,0,10741731,TRUE,,Σατωβριάνδου,residential,0,FALSE,15.665,"LINESTRING (23.7241204 37.9856434, 23.7242961 37.9856175)",,,,,37.9856175,23.7242961
3,1,240,0,10976435,FALSE,4,Μάρνη,secondary,2,FALSE,61.072,"LINESTRING (23.7241204 37.9856434, 23.7246801 37.9859706)",,,,,37.9859706,23.7246801
4,2,82,0,789796816,TRUE,,Καραγιώργη Σερβίας,residential,0,FALSE,82.446,"LINESTRING (23.7343793 37.9761998, 23.7340812 37.9762601, 23.7338002 37.9763107, 23.7337544 37.9763175, 23.7336867 37.9763254, 23.7334596 37.9763519)",,,,,37.9763519,23.7334596
5,3,15,0,634244587,TRUE,,Ακομινάτου,residential,0,FALSE,60.295,"LINESTRING (23.723325 37.9863552, 23.7234789 37.9868837)",30,6.2,,,37.9868837,23.7234789
6,4,34,0,10741726,TRUE,,Βίκτωρος Ουγκώ,residential,0,FALSE,13.415,"LINESTRING (23.7249236 37.9861129, 23.7248228 37.9861259, 23.7247728 37.9861335)",,,,,37.9861335,23.7247728
7,4,207,0,10976435,FALSE,4,Μάρνη,secondary,2,FALSE,33.934,"LINESTRING (23.7249236 37.9861129, 23.725086 37.9862079, 23.7251001 37.9862161, 23.7252346 37.9862947)",,,,,37.9862947,23.7252346
8,4,240,0,10976435,FALSE,4,Μάρνη,secondary,2,TRUE,26.566,"LINESTRING (23.7249236 37.9861129, 23.7248266 37.9860562, 23.7248063 37.9860443, 23.7246801 37.9859706)",,,,,37.9859706,23.7246801
9,5,6,0,10741722,TRUE,2,Μενάνδρου,tertiary,3,FALSE,63.617,"LINESTRING (23.725926 37.985959, 23.7258515 37.9856607, 23.7257879 37.9854144, 23.7257836 37.985398)",,,,,37.985398,23.7257836
10,5,30,0,32357772,TRUE,,Βερανζέρου,residential,0,FALSE,65.814,"LINESTRING (23.725926 37.985959, 23.7253021 37.9860548, 23.7252449 37.9860636, 23.7251889 37.9860722)",,,,,37.9860722,23.7251889
11,6,258,0,10741722,TRUE,2,Μενάνδρου,tertiary,3,FALSE,51.996,"LINESTRING (23.7257836 37.985398, 23.7256652 37.9849398)",,,,,37.9849398,23.7256652
12,6,8,0,10741731,TRUE,,Σατωβριάνδου,residential,0,FALSE,112.79,"LINESTRING (23.7257836 37.985398, 23.7269776 37.9852219, 23.7270486 37.9852114)",,,,,37.9852114,23.7270486
13,7,8,0,10976960,TRUE,2,Σωκράτους,tertiary,3,FALSE,62.777,"LINESTRING (23.7271846 37.9857657, 23.7271768 37.9857338, 23.7271167 37.9854888, 23.7270659 37.9852818, 23.7270626 37.9852687, 23.7270486 37.9852114)",,,,,37.9852114,23.7270486
14,7,5,0,32357772,TRUE,,Βερανζέρου,residential,0,FALSE,112.378,"LINESTRING (23.7271846 37.9857657, 23.7271282 37.9857744, 23.725926 37.985959)",,,,,37.985959,23.725926
15,8,18,0,10741731,TRUE,,Σατωβριάνδου,residential,0,FALSE,105.649,"LINESTRING (23.7270486 37.9852114, 23.7270822 37.9852064, 23.7277602 37.9851065, 23.7281276 37.9850522, 23.7282335 37.9850366)",,,,,37.9850366,23.7282335
16,8,142,0,10976960,TRUE,2,Σωκράτους,tertiary,3,FALSE,100.343,"LINESTRING (23.7270486 37.9852114, 23.7270426 37.9851868, 23.7269439 37.9847848, 23.7269166 37.9846736, 23.7269023 37.9846153, 23.7268585 37.9844366, 23.7268306 37.9843255)",,,,,37.9843255,23.7268306
17,9,6,0,10741731,TRUE,,Σατωβριάνδου,residential,0,FALSE,65.258,"LINESTRING (23.7250517 37.985506, 23.7257836 37.985398)",,,,,37.985398,23.7257836
18,9,30,0,24259066,TRUE,1,Κουμουνδούρου,residential,0,FALSE,64.097,"LINESTRING (23.7250517 37.985506, 23.7251786 37.9860295, 23.7251889 37.9860722)",,,,,37.9860722,23.7251889
19,10,13,0,168725548,TRUE,3,Μάρνη,primary,1,FALSE,41.594,"LINESTRING (23.7291214 37.9885741, 23.7293936 37.9887359, 23.7294169 37.9887497, 23.729499 37.9888007)",,,,,37.9888007,23.729499
20,10,12,0,168725561,TRUE,2,3ης Σεπτεμβρίου,secondary,2,FALSE,30.891,"LINESTRING (23.7291214 37.9885741, 23.729177 37.9887949, 23.7291795 37.9888049, 23.72919 37.9888466)",,,,,37.9888466,23.72919
21,11,43,0,207971472,TRUE,1,Ηπείρου,secondary,2,FALSE,113.775,"LINESTRING (23.7295195 37.9901558, 23.729607 37.9901423, 23.7303954 37.9900203, 23.7306999 37.9899732, 23.7307935 37.9899588)",,,,,37.9899588,23.7307935
22,11,197,0,207971478,TRUE,2,3ης Σεπτεμβρίου,secondary,2,FALSE,113.68,"LINESTRING (23.7295195 37.9901558, 23.7296975 37.990919, 23.729754 37.9911613)",,,,,37.9911613,23.729754
23,12,37,0,168725561,TRUE,2,3ης Σεπτεμβρίου,secondary,2,FALSE,74.195,"LINESTRING (23.72919 37.9888466, 23.7293547 37.9895011)",,,,,37.9895011,23.7293547
24,13,212,0,"[741078857, 730896358, 295083398]",TRUE,3,Μάρνη,primary,1,FALSE,91.278,"LINESTRING (23.729499 37.9888007, 23.7296094 37.9888637, 23.730228 37.9892272, 23.7302712 37.9892558, 23.7303329 37.9892924)",,,,,37.9892924,23.7303329
25,13,12,0,295083399,TRUE,2,Αβέρωφ,tertiary,3,FALSE,27.556,"LINESTRING (23.729499 37.9888007, 23.7293108 37.9888286, 23.7292913 37.9888315, 23.72919 37.9888466)",,,,,37.9888466,23.72919
26,14,207,0,10976435,FALSE,4,Μάρνη,secondary,2,TRUE,51.122,"LINESTRING (23.7257031 37.9865686, 23.7252346 37.9862947)",,,,,37.9862947,23.7252346
27,14,36,0,261671453,FALSE,4,Μάρνη,secondary,2,FALSE,46.646,"LINESTRING (23.7257031 37.9865686, 23.7261306 37.9868185)",,,,,37.9868185,23.7261306
28,15,80,0,1098831917,TRUE,1,Φαβιέρου,residential,0,FALSE,99.756,"LINESTRING (23.7234789 37.9868837, 23.7245984 37.9867215)",,8.9,,,37.9867215,23.7245984
29,15,246,0,634244587,TRUE,,Ακομινάτου,residential,0,FALSE,73.361,"LINESTRING (23.7234789 37.9868837, 23.7234946 37.9869378, 23.7236234 37.9873324, 23.7236788 37.9875243)",30,6.2,,,37.9875243,23.7236788
30,16,141,0,32295798,TRUE,2,Χαλκοκονδύλη,primary,1,FALSE,121.449,"LINESTRING (23.7285143 37.9861564, 23.7286514 37.9861361, 23.7296827 37.9859819, 23.72973 37.9859744, 23.7298764 37.9859556)",,,,,37.9859556,23.7298764
31,16,217,0,741733384,TRUE,3,3ης Σεπτεμβρίου,primary,1,FALSE,58.782,"LINESTRING (23.7285143 37.9861564, 23.7286306 37.98662, 23.7286384 37.9866513, 23.7286444 37.986675)",,,,,37.986675,23.7286444
32,17,7,0,32357772,TRUE,,Βερανζέρου,residential,0,FALSE,105.895,"LINESTRING (23.7283706 37.9855836, 23.7282655 37.9855997, 23.7279111 37.9856541, 23.7272515 37.9857554, 23.7272144 37.9857611, 23.7271846 37.9857657)",,,,,37.9857657,23.7271846
33,17,16,0,762514801,TRUE,3,3ης Σεπτεμβρίου,primary,1,FALSE,64.926,"LINESTRING (23.7283706 37.9855836, 23.7284088 37.9857358, 23.7284707 37.9859824, 23.7284855 37.9860414, 23.7284942 37.9860763, 23.7285143 37.9861564)",,,,,37.9861564,23.7285143
34,18,17,0,762514801,TRUE,3,3ης Σεπτεμβρίου,primary,1,FALSE,61.999,"LINESTRING (23.7282335 37.9850366, 23.7283465 37.9854872, 23.7283646 37.9855595, 23.7283706 37.9855836)",,,,,37.9855836,23.7283706
35,19,205,0,222897513,TRUE,1,Καποδιστρίου,primary,1,FALSE,50.206,"LINESTRING (23.7274563 37.9868729, 23.7270688 37.9869404, 23.7270516 37.9869443, 23.7270409 37.9869489, 23.7270294 37.9869556, 23.7270176 37.9869644, 23.7269458 37.9870356)",,,,,37.9870356,23.7269458
36,19,147,0,222941080,TRUE,1,Αριστοτέλους,tertiary,3,FALSE,61.511,"LINESTRING (23.7274563 37.9868729, 23.727361 37.9864845, 23.7273525 37.9864498, 23.7273229 37.9863298)",,,,,37.9863298,23.7273229
37,20,21,0,10741757,TRUE,,Σολωμού,residential,0,FALSE,106.671,"LINESTRING (23.7275882 37.9874107, 23.7286924 37.9872392, 23.7287824 37.9872252)",,,,,37.9872252,23.7287824
38,20,19,0,222941080,TRUE,1,Αριστοτέλους,tertiary,3,FALSE,60.907,"LINESTRING (23.7275882 37.9874107, 23.7274722 37.9869378, 23.7274659 37.986912, 23.7274563 37.9868729)",,,,,37.9868729,23.7274563
39,21,38,0,10741757,TRUE,,Σολωμού,residential,0,FALSE,119.388,"LINESTRING (23.7287824 37.9872252, 23.728889 37.9872087, 23.7300012 37.9870359, 23.730119 37.9870177)",,,,,37.9870177,23.730119
40,21,25,0,260824573,TRUE,3,3ης Σεπτεμβρίου,primary,1,FALSE,59.11,"LINESTRING (23.7287824 37.9872252, 23.728893 37.9876663, 23.7289012 37.987699, 23.7289132 37.9877467)",,,,,37.9877467,23.7289132
41,22,229,0,887747035,FALSE,4,Μάρνη,primary,1,TRUE,45.414,"LINESTRING (23.7276613 37.9877086, 23.7272465 37.9874638)",,,,,37.9874638,23.7272465
42,22,20,0,222941080,TRUE,1,Αριστοτέλους,tertiary,3,FALSE,33.739,"LINESTRING (23.7276613 37.9877086, 23.7276056 37.9874814, 23.7275991 37.9874548, 23.7275882 37.9874107)",,,,,37.9874107,23.7275882
43,22,24,0,887747035,FALSE,4,Μάρνη,primary,1,FALSE,34.158,"LINESTRING (23.7276613 37.9877086, 23.7278468 37.9878195, 23.7279778 37.9878876)",,,,,37.9878876,23.7279778
44,23,26,0,10741751,TRUE,2,Στουρνάρη,secondary,2,FALSE,92.686,"LINESTRING (23.7277151 37.9879272, 23.7276156 37.9879422, 23.7270286 37.9880306, 23.7267657 37.9880702, 23.7266763 37.9880837)",,,,,37.9880837,23.7266763
45,23,22,0,222941078,TRUE,2,Αριστοτέλους,tertiary,3,FALSE,24.76,"LINESTRING (23.7277151 37.9879272, 23.7277083 37.9878997, 23.7276613 37.9877086)",,,,,37.9877086,23.7276613
46,24,216,0,384593010,TRUE,3,Μάρνη,primary,1,FALSE,27.952,"LINESTRING (23.7279778 37.9878876, 23.7281359 37.9879908, 23.7282268 37.9880446)",,,,,37.9880446,23.7282268
47,24,23,0,636791823,TRUE,2,Στουρνάρη,secondary,2,FALSE,23.439,"LINESTRING (23.7279778 37.9878876, 23.7277968 37.9879149, 23.7277151 37.9879272)",,,,,37.9879272,23.7277151
48,24,22,0,887747035,FALSE,4,Μάρνη,primary,1,TRUE,34.158,"LINESTRING (23.7279778 37.9878876, 23.7278468 37.9878195, 23.7276613 37.9877086)",,,,,37.9877086,23.7276613
49,25,221,0,189099792,TRUE,2,Στουρνάρη,secondary,2,FALSE,59.655,"LINESTRING (23.7289132 37.9877467, 23.7288025 37.9877634, 23.7284723 37.9878131, 23.7282446 37.9878474)",,,,,37.9878474,23.7282446
50,25,10,0,189099793,TRUE,3,3ης Σεπτεμβρίου,primary,1,FALSE,93.795,"LINESTRING (23.7289132 37.9877467, 23.7290175 37.9881613, 23.7290282 37.9882036, 23.7290797 37.9884084, 23.7290932 37.9884621, 23.7291214 37.9885741)",,,,,37.9885741,23.7291214
51,26,198,0,189099791,TRUE,2,Αχαρνών,primary,1,FALSE,55.606,"LINESTRING (23.7266763 37.9880837, 23.7267009 37.9885834)",,,,,37.9885834,23.7267009
52,27,219,0,222899032,TRUE,2,Λιοσίων,primary,1,FALSE,82.191,"LINESTRING (23.7258952 37.9878886, 23.7265063 37.9873279)",,,,,37.9873279,23.7265063
53,27,31,0,222897512,TRUE,1,Μάγερ,tertiary,3,FALSE,34.235,"LINESTRING (23.7258952 37.9878886, 23.7258561 37.987822, 23.7258361 37.9877852, 23.7257222 37.9876127)",,,,,37.9876127,23.7257222
54,28,249,0,48820562,FALSE,2,Λιοσίων,secondary,2,FALSE,6.932,"LINESTRING (23.7250694 37.9888208, 23.7250288 37.9888743)",30,,,,37.9888743,23.7250288
55,28,71,0,10741754,TRUE,2,Λιοσίων,secondary,2,FALSE,10.91,"LINESTRING (23.7250694 37.9888208, 23.7250774 37.9888106, 23.7251117 37.9887719, 23.72514 37.98874)",30,,,,37.98874,23.72514
56,29,5,0,10741758,TRUE,1,Μενάνδρου,tertiary,3,FALSE,63,"LINESTRING (23.7260626 37.9865152, 23.7259374 37.9859959, 23.725926 37.985959)",,,,,37.985959,23.725926
57,29,14,0,85392263,TRUE,1,Χαλκοκονδύλη,secondary,2,FALSE,32.065,"LINESTRING (23.7260626 37.9865152, 23.7258482 37.9865447, 23.7257031 37.9865686)",,,,,37.9865686,23.7257031
58,30,207,0,24259066,TRUE,1,Κουμουνδούρου,residential,0,FALSE,25.07,"LINESTRING (23.7251889 37.9860722, 23.7252077 37.9861485, 23.7252346 37.9862947)",,,,,37.9862947,23.7252346
59,30,4,0,32357772,TRUE,,Βερανζέρου,residential,0,FALSE,23.688,"LINESTRING (23.7251889 37.9860722, 23.7251153 37.9860835, 23.7249236 37.9861129)",,,,,37.9861129,23.7249236
60,31,69,0,10976012,FALSE,,Βατσαξή,residential,0,TRUE,75.731,"LINESTRING (23.7257222 37.9876127, 23.7248767 37.9877534)",,,,,37.9877534,23.7248767
61,31,32,0,222897512,TRUE,1,Μάγερ,tertiary,3,FALSE,50.631,"LINESTRING (23.7257222 37.9876127, 23.7254411 37.9872149)",,,,,37.9872149,23.7254411
62,32,35,0,204621371,TRUE,,Μαιζώνος,residential,0,FALSE,60.907,"LINESTRING (23.7254411 37.9872149, 23.7247626 37.9873335)",,,,,37.9873335,23.7247626
63,32,33,0,222897512,TRUE,1,Μάγερ,tertiary,3,FALSE,70.588,"LINESTRING (23.7254411 37.9872149, 23.7250632 37.9866543)",,,,,37.9866543,23.7250632
64,33,34,0,261671452,TRUE,1,Μάγερ,tertiary,3,FALSE,63.257,"LINESTRING (23.7250632 37.9866543, 23.724801 37.9861819, 23.7247728 37.9861335)",,,,,37.9861335,23.7247728
65,33,14,0,"[741033482, 741033483]",TRUE,1,Φαβιέρου,residential,0,FALSE,56.915,"LINESTRING (23.7250632 37.9866543, 23.7253722 37.9866096, 23.7256132 37.9865748, 23.7257031 37.9865686)",,,,,37.9865686,23.7257031
66,34,3,0,10741726,TRUE,,Βίκτωρος Ουγκώ,residential,0,FALSE,129.256,"LINESTRING (23.7247728 37.9861335, 23.7233743 37.9863477, 23.723325 37.9863552)",,,,,37.9863552,23.723325
67,34,240,0,261671452,TRUE,1,Μάγερ,tertiary,3,FALSE,19.882,"LINESTRING (23.7247728 37.9861335, 23.7247097 37.9860121, 23.7246801 37.9859706)",,,,,37.9859706,23.7246801
68,35,191,0,204621371,TRUE,,Μαιζώνος,residential,0,FALSE,48.616,"LINESTRING (23.7247626 37.9873335, 23.724221 37.9874281)",,,,,37.9874281,23.724221
69,35,80,0,10976009,TRUE,,Σωνιέρου,residential,0,FALSE,69.556,"LINESTRING (23.7247626 37.9873335, 23.724611 37.9867686, 23.7245984 37.9867215)",,,,,37.9867215,23.7245984
70,36,29,0,10741758,TRUE,1,Μενάνδρου,tertiary,3,FALSE,34.248,"LINESTRING (23.7261306 37.9868185, 23.7260626 37.9865152)",,,,,37.9865152,23.7260626
71,36,14,0,261671453,FALSE,4,Μάρνη,secondary,2,TRUE,46.646,"LINESTRING (23.7261306 37.9868185, 23.7257031 37.9865686)",,,,,37.9865686,23.7257031
72,36,251,0,82682796,FALSE,4,Μάρνη,secondary,2,FALSE,25.402,"LINESTRING (23.7261306 37.9868185, 23.7263268 37.9869334, 23.7263633 37.9869547)",,,,,37.9869547,23.7263633
73,37,11,0,168725561,TRUE,2,3ης Σεπτεμβρίου,secondary,2,FALSE,74.219,"LINESTRING (23.7293547 37.9895011, 23.7294294 37.989798, 23.7295101 37.9901186, 23.7295195 37.9901558)",,,,,37.9901558,23.7295195
74,38,238,0,10741757,TRUE,,Σολωμού,residential,0,FALSE,80.867,"LINESTRING (23.730119 37.9870177, 23.730982 37.9868835, 23.7310243 37.986877)",,,,,37.986877,23.7310243
75,38,184,0,311408820,TRUE,3,28ης Οκτωβρίου,primary,1,FALSE,62.943,"LINESTRING (23.730119 37.9870177, 23.7301055 37.9869588, 23.7300079 37.9865313, 23.7299917 37.9864606)",,,ΕΟ1,,37.9864606,23.7299917
76,39,40,0,"[311453391, 41806639]",TRUE,2,28ης Οκτωβρίου,primary,1,FALSE,233.621,"LINESTRING (23.7302398 37.9875469, 23.7303601 37.9877108, 23.7304474 37.988052, 23.7305585 37.9884859, 23.730569 37.9885269, 23.7305808 37.9885728, 23.7306044 37.9886653, 23.7306218 37.988733, 23.7306348 37.9887839, 23.7306845 37.9889779, 23.7307614 37.9892786, 23.7307681 37.9893047, 23.7308398 37.9895847)",,,,,37.9895847,23.7308398
77,39,38,0,311408820,TRUE,3,28ης Οκτωβρίου,primary,1,FALSE,59.79,"LINESTRING (23.7302398 37.9875469, 23.7302317 37.9875115, 23.7302108 37.98742, 23.7301985 37.987366, 23.7301892 37.9873252, 23.730132 37.9870747, 23.730119 37.9870177)",,,ΕΟ1,,37.9870177,23.730119
78,39,25,0,"[260124783, 755022871]",TRUE,2,Στουρνάρη,secondary,2,FALSE,118.364,"LINESTRING (23.7302398 37.9875469, 23.7300864 37.98757, 23.7293295 37.987684, 23.7290657 37.9877237, 23.7290223 37.9877303, 23.7289132 37.9877467)",,,,,37.9877467,23.7289132
79,40,41,0,168725546,TRUE,2,28ης Οκτωβρίου,primary,1,FALSE,40.033,"LINESTRING (23.7308398 37.9895847, 23.7309096 37.9898574, 23.7309198 37.9898972, 23.7309302 37.9899376)",,,,,37.9899376,23.7309302
80,41,62,0,243850913,TRUE,1,Βασιλέως Ηρακλείου,secondary,2,FALSE,83.804,"LINESTRING (23.7309302 37.9899376, 23.7310278 37.9899225, 23.7315421 37.989843, 23.7318686 37.9897925)",,,,,37.9897925,23.7318686
81,41,61,0,243850915,TRUE,2,28ης Οκτωβρίου,primary,1,FALSE,99.697,"LINESTRING (23.7309302 37.9899376, 23.7310656 37.9904666, 23.7311551 37.9908165)",,,ΕΟ1,,37.9908165,23.7311551
82,42,13,0,10741746,TRUE,2,Αβέρωφ,tertiary,3,FALSE,86.738,"LINESTRING (23.7304716 37.9886561, 23.7303504 37.9886741, 23.7296083 37.9887844, 23.7295793 37.9887887, 23.729499 37.9888007)",,,,,37.9888007,23.729499
83,42,39,0,"[260124785, 702087350]",TRUE,2,28ης Οκτωβρίου,primary,1,FALSE,125.287,"LINESTRING (23.7304716 37.9886561, 23.7304442 37.9885452, 23.7304133 37.9884198, 23.7303127 37.9880128, 23.7302688 37.987835, 23.7302409 37.9877222, 23.7302398 37.9875469)",,,ΕΟ1,,37.9875469,23.7302398
84,43,41,0,49277172,TRUE,1,Βασιλέως Ηρακλείου,secondary,2,FALSE,12.209,"LINESTRING (23.7307935 37.9899588, 23.7309302 37.9899376)",,,,,37.9899376,23.7309302
85,43,186,0,249412140,TRUE,2,28ης Οκτωβρίου,primary,1,FALSE,52.36,"LINESTRING (23.7307935 37.9899588, 23.7307833 37.9899175, 23.7306978 37.9895749, 23.7306793 37.9894966)",,,ΕΟ1,,37.9894966,23.7306793
86,44,50,0,49277798,TRUE,,Δεληγιάννη,residential,0,FALSE,55.343,"LINESTRING (23.7336336 37.9894893, 23.7341014 37.989417, 23.7342533 37.9893935)",,,,,37.9893935,23.7342533
87,44,55,0,228109849,TRUE,,Μπουμπουλίνας,tertiary,3,FALSE,100.114,"LINESTRING (23.7336336 37.9894893, 23.7338448 37.9903351, 23.7338542 37.9903727)",,,,,37.9903727,23.7338542
88,45,168,0,10971763,TRUE,2,Ιουλιανού,secondary,2,FALSE,69.58,"LINESTRING (23.7298367 37.9915157, 23.7297861 37.9915237, 23.7297398 37.991531, 23.7290582 37.9916387)",,,,,37.9916387,23.7290582
89,45,166,0,222941079,TRUE,2,3ης Σεπτεμβρίου,secondary,2,FALSE,85.994,"LINESTRING (23.7298367 37.9915157, 23.72992 37.9918483, 23.730014 37.9922229, 23.7300176 37.9922375, 23.7300269 37.9922744)",,,,,37.9922744,23.7300269
90,46,45,0,10971763,TRUE,2,Ιουλιανού,secondary,2,FALSE,115.394,"LINESTRING (23.7311278 37.9913117, 23.7309901 37.9913335, 23.7302484 37.9914507, 23.7299657 37.9914953, 23.7299105 37.9915041, 23.7298367 37.9915157)",,,,,37.9915157,23.7298367
91,46,43,0,259806440,TRUE,2,28ης Οκτωβρίου,primary,1,FALSE,153.262,"LINESTRING (23.7311278 37.9913117, 23.7310888 37.9911537, 23.731043 37.9909682, 23.7309601 37.990633, 23.7308424 37.9901568, 23.7307935 37.9899588)",,,ΕΟ1,,37.9899588,23.7307935
92,47,238,0,10971767,TRUE,,Κάνιγγος,residential,0,FALSE,60.25,"LINESTRING (23.7311561 37.9874088, 23.7311472 37.987374, 23.7311448 37.9873648, 23.7310243 37.986877)",,,,,37.986877,23.7310243
93,47,39,0,741721487,TRUE,1,Στουρνάρη,tertiary,3,FALSE,81.758,"LINESTRING (23.7311561 37.9874088, 23.7310173 37.9874297, 23.7303747 37.9875265, 23.7302398 37.9875469)",,,,,37.9875469,23.7302398
94,48,184,0,10971766,TRUE,2,Καποδιστρίου,secondary,2,FALSE,79.968,"LINESTRING (23.7308878 37.9863256, 23.7308245 37.9863357, 23.7300813 37.9864511, 23.7300436 37.9864554, 23.7299917 37.9864606)",,,,,37.9864606,23.7299917
95,48,228,0,10971767,TRUE,,Κάνιγγος,residential,0,FALSE,58.457,"LINESTRING (23.7308878 37.9863256, 23.7308069 37.9859568, 23.7307876 37.9858922, 23.7307639 37.9858092)",,,,,37.9858092,23.7307639
96,49,204,0,299257516,TRUE,,Τζωρτζ,residential,0,FALSE,55.179,"LINESTRING (23.7317478 37.9861764, 23.7316134 37.9856916)",,,,,37.9856916,23.7316134
97,49,48,0,10971766,TRUE,2,Καποδιστρίου,secondary,2,FALSE,77.174,"LINESTRING (23.7317478 37.9861764, 23.7309372 37.986317, 23.7308878 37.9863256)",,,,,37.9863256,23.7308878
98,50,51,0,601294007,TRUE,,Δεληγιάννη,residential,0,FALSE,41.749,"LINESTRING (23.7342533 37.9893935, 23.7346388 37.989334, 23.7347208 37.9893213)",,,,,37.9893213,23.7347208
99,51,57,0,10971776,TRUE,,Νοταρά,residential,0,FALSE,98.945,"LINESTRING (23.7347208 37.9893213, 23.7349494 37.9901927)",,,,,37.9901927,23.7349494
100,51,52,0,601294007,TRUE,,Δεληγιάννη,residential,0,FALSE,41.265,"LINESTRING (23.7347208 37.9893213, 23.7351217 37.9892594, 23.7351829 37.98925)",,,,,37.98925,23.7351829
101,52,53,0,601294004,TRUE,,Δεληγιάννη,residential,0,FALSE,38.275,"LINESTRING (23.7351829 37.98925, 23.7356115 37.9891838)",,,,,37.9891838,23.7356115
102,53,54,0,438352614,TRUE,,Δεληγιάννη,residential,0,FALSE,32.766,"LINESTRING (23.7356115 37.9891838, 23.7359784 37.9891271)",,,,,37.9891271,23.7359784
103,53,224,0,438352615,TRUE,,Τσαμαδού,residential,0,FALSE,50.101,"LINESTRING (23.7356115 37.9891838, 23.7357192 37.9896263)",,,,,37.9896263,23.7357192
104,54,170,0,188661340,FALSE,,Καλλιδρομίου,residential,0,FALSE,11.503,"LINESTRING (23.7359784 37.9891271, 23.7360856 37.9891868)",,,,,37.9891868,23.7360856
105,55,58,0,693488162,TRUE,,Μετσόβου,residential,0,FALSE,46.48,"LINESTRING (23.7338542 37.9903727, 23.733335 37.9904581)",,,,,37.9904581,23.733335
106,55,160,0,228109849,TRUE,,Μπουμπουλίνας,tertiary,3,FALSE,53.082,"LINESTRING (23.7338542 37.9903727, 23.7339198 37.9906355, 23.7339711 37.9908411)",,,,,37.9908411,23.7339711
107,56,50,0,31985276,TRUE,,Ζαΐμη,residential,0,FALSE,99.442,"LINESTRING (23.7344657 37.990272, 23.7342533 37.9893935)",,,,,37.9893935,23.7342533
108,56,55,0,693488162,TRUE,,Μετσόβου,residential,0,FALSE,54.746,"LINESTRING (23.7344657 37.990272, 23.7339111 37.9903634, 23.7338542 37.9903727)",,,,,37.9903727,23.7338542
109,57,56,0,693488162,TRUE,,Μετσόβου,residential,0,FALSE,43.296,"LINESTRING (23.7349494 37.9901927, 23.7344657 37.990272)",,,,,37.990272,23.7344657
110,57,155,0,10971776,TRUE,,Νοταρά,residential,0,FALSE,100.692,"LINESTRING (23.7349494 37.9901927, 23.7351545 37.9910161, 23.7351706 37.9910813)",,,,,37.9910813,23.7351706
111,58,66,0,10972565,TRUE,,Σαριπόλου,residential,0,FALSE,97.383,"LINESTRING (23.733335 37.9904581, 23.7331204 37.9895988)",,,,,37.9895988,23.7331204
112,58,59,0,693488162,TRUE,,Μετσόβου,residential,0,FALSE,46.327,"LINESTRING (23.733335 37.9904581, 23.7328175 37.9905432)",,,,,37.9905432,23.7328175
113,59,63,0,10972563,TRUE,,Ρεθύμνου,residential,0,FALSE,50.819,"LINESTRING (23.7328175 37.9905432, 23.7327041 37.990095)",,,,,37.990095,23.7327041
114,59,60,0,693488162,TRUE,,Μετσόβου,residential,0,FALSE,65.672,"LINESTRING (23.7328175 37.9905432, 23.7321603 37.9906512, 23.7320839 37.9906638)",,,,,37.9906638,23.7320839
115,60,61,0,693488162,TRUE,,Μετσόβου,residential,0,FALSE,83.147,"LINESTRING (23.7320839 37.9906638, 23.7311551 37.9908165)",,,,,37.9908165,23.7311551
116,60,164,0,31985292,TRUE,1,Μαυροματαίων,secondary,2,FALSE,53.54,"LINESTRING (23.7320839 37.9906638, 23.7321872 37.9910812, 23.7322008 37.9911364)",,,,,37.9911364,23.7322008
117,61,180,0,243850915,TRUE,2,28ης Οκτωβρίου,primary,1,FALSE,53.781,"LINESTRING (23.7311551 37.9908165, 23.731226 37.9910934, 23.7312353 37.9911296, 23.7312765 37.9912906)",,,ΕΟ1,,37.9912906,23.7312765
118,62,65,0,31985292,TRUE,1,Μαυροματαίων,secondary,2,FALSE,47.081,"LINESTRING (23.7318686 37.9897925, 23.7319713 37.9902081)",,,,,37.9902081,23.7319713
119,62,64,0,"[741721488, 738028726]",TRUE,,Βασιλέως Ηρακλείου,tertiary,3,FALSE,65.222,"LINESTRING (23.7318686 37.9897925, 23.732338 37.9897198, 23.7325989 37.9896795)",,,,,37.9896795,23.7325989
120,63,65,0,10972564,FALSE,,Κυβέλης,residential,0,FALSE,65.439,"LINESTRING (23.7327041 37.990095, 23.7319713 37.9902081)",,,,,37.9902081,23.7319713
121,63,64,0,10972563,TRUE,,Ρεθύμνου,residential,0,FALSE,47.112,"LINESTRING (23.7327041 37.990095, 23.7326226 37.9897732, 23.7325989 37.9896795)",,,,,37.9896795,23.7325989
122,64,66,0,"[243850918, 738028726]",TRUE,,Βασιλέως Ηρακλείου,tertiary,3,FALSE,46.575,"LINESTRING (23.7325989 37.9896795, 23.7327836 37.9896509, 23.7331204 37.9895988)",,,,,37.9895988,23.7331204
123,65,63,0,10972564,FALSE,,Κυβέλης,residential,0,TRUE,65.439,"LINESTRING (23.7319713 37.9902081, 23.7327041 37.990095)",,,,,37.990095,23.7327041
124,65,60,0,31985292,TRUE,1,Μαυροματαίων,secondary,2,FALSE,51.623,"LINESTRING (23.7319713 37.9902081, 23.7320839 37.9906638)",,,,,37.9906638,23.7320839
125,66,44,0,243850918,TRUE,,Βασιλέως Ηρακλείου,tertiary,3,FALSE,47.159,"LINESTRING (23.7331204 37.9895988, 23.7333833 37.9895582, 23.7335433 37.9895334, 23.7335861 37.989519, 23.7336336 37.9894893)",,,,,37.9894893,23.7336336
126,67,77,0,48820562,FALSE,2,Λιοσίων,secondary,2,TRUE,16.699,"LINESTRING (23.7248781 37.9890808, 23.7249248 37.9890154, 23.7249715 37.9889499)",30,,,,37.9889499,23.7249715
127,68,251,0,838111477,TRUE,2,Μάρνη,secondary,2,FALSE,11.855,"LINESTRING (23.7264514 37.9870356, 23.7263633 37.9869547)",,,,,37.9869547,23.7263633
128,69,35,0,10976009,TRUE,,Σωνιέρου,residential,0,FALSE,47.75,"LINESTRING (23.7248767 37.9877534, 23.7247626 37.9873335)",,,,,37.9873335,23.7247626
129,69,31,0,10976012,FALSE,,Βατσαξή,residential,0,FALSE,75.731,"LINESTRING (23.7248767 37.9877534, 23.7257222 37.9876127)",,,,,37.9876127,23.7257222
130,70,69,0,10976009,TRUE,,Σωνιέρου,residential,0,FALSE,47.71,"LINESTRING (23.724988 37.9881734, 23.7248767 37.9877534)",,,,,37.9877534,23.7248767
131,70,72,0,11031664,TRUE,,Παλαιολόγου Κωνσταντίνου,residential,0,FALSE,66.841,"LINESTRING (23.724988 37.9881734, 23.7257326 37.9880432)",,,,,37.9880432,23.7257326
132,71,72,0,10741754,TRUE,2,Λιοσίων,secondary,2,FALSE,93.292,"LINESTRING (23.72514 37.98874, 23.7254272 37.9884163, 23.7257326 37.9880432)",30,,,,37.9880432,23.7257326
133,71,70,0,10976009,TRUE,,Σωνιέρου,residential,0,FALSE,64.396,"LINESTRING (23.72514 37.98874, 23.725127 37.9886917, 23.7250341 37.9883452, 23.724988 37.9881734)",,,,,37.9881734,23.724988
134,72,27,0,10741754,TRUE,2,Λιοσίων,secondary,2,FALSE,22.332,"LINESTRING (23.7257326 37.9880432, 23.7257798 37.9880007, 23.7258375 37.9879454, 23.7258952 37.9878886)",30,,,,37.9878886,23.7258952
135,73,190,0,11031664,TRUE,,Παλαιολόγου Κωνσταντίνου,residential,0,FALSE,26.873,"LINESTRING (23.7239184 37.9883597, 23.7242178 37.9883075)",,,,,37.9883075,23.7242178
136,73,75,0,10976420,TRUE,,Ακομινάτου,residential,0,FALSE,48.005,"LINESTRING (23.7239184 37.9883597, 23.723953 37.9884781, 23.7240414 37.9887804)",,,,,37.9887804,23.7240414
137,74,73,0,10976420,TRUE,,Ακομινάτου,residential,0,FALSE,47.708,"LINESTRING (23.7237962 37.9879416, 23.7239184 37.9883597)",,,,,37.9883597,23.7239184
138,75,76,0,10976420,TRUE,,Ακομινάτου,residential,0,FALSE,12.631,"LINESTRING (23.7240414 37.9887804, 23.7240737 37.9888911)",,,,,37.9888911,23.7240737
139,76,77,0,10976427,FALSE,,Σαχίνη,residential,0,FALSE,79.163,"LINESTRING (23.7240737 37.9888911, 23.7247814 37.988916, 23.7249099 37.9889389, 23.7249715 37.9889499)",,,,,37.9889499,23.7249715
140,77,76,0,10976427,FALSE,,Σαχίνη,residential,0,TRUE,79.163,"LINESTRING (23.7249715 37.9889499, 23.7249099 37.9889389, 23.7247814 37.988916, 23.7240737 37.9888911)",,,,,37.9888911,23.7240737
141,77,67,0,48820562,FALSE,2,Λιοσίων,secondary,2,FALSE,16.699,"LINESTRING (23.7249715 37.9889499, 23.7249248 37.9890154, 23.7248781 37.9890808)",30,,,,37.9890808,23.7248781
142,77,249,0,48820562,FALSE,2,Λιοσίων,secondary,2,TRUE,9.792,"LINESTRING (23.7249715 37.9889499, 23.7250002 37.9889121, 23.7250288 37.9888743)",30,,,,37.9888743,23.7250288
143,78,79,0,10976970,TRUE,,Λυκούργου,residential,0,FALSE,48.996,"LINESTRING (23.7264693 37.9828872, 23.727019 37.982807)",,,,,37.982807,23.727019
144,80,33,0,1098831917,TRUE,1,Φαβιέρου,residential,0,FALSE,41.414,"LINESTRING (23.7245984 37.9867215, 23.725007 37.9866624, 23.7250632 37.9866543)",,8.9,,,37.9866543,23.7250632
145,83,124,0,"[225906203, 51249283, 225906204]",TRUE,1,Αρσάκη,residential,0,FALSE,117.392,"LINESTRING (23.7302053 37.9816631, 23.7303172 37.9816947, 23.7303352 37.9817042, 23.730767 37.981928, 23.7312271 37.9821731, 23.7313355 37.9822249)",,,,,37.9822249,23.7313355
146,83,84,0,284241336,TRUE,3,Σταδίου,primary,1,FALSE,101.102,"LINESTRING (23.7302053 37.9816631, 23.7303944 37.9814678, 23.7304209 37.9814364, 23.7307126 37.9810895, 23.7307993 37.9809864, 23.7308116 37.9809717, 23.7308595 37.9809147)",,,ΕΟ1,,37.9809147,23.7308595
147,84,85,0,284241336,TRUE,3,Σταδίου,primary,1,FALSE,114.85,"LINESTRING (23.7308595 37.9809147, 23.73148 37.9801769, 23.7314913 37.9801635, 23.7315863 37.9800553)",,,ΕΟ1,,37.9800553,23.7315863
148,84,239,0,1098886968,TRUE,1,Πεσμαζόγλου,tertiary,3,FALSE,76.574,"LINESTRING (23.7308595 37.9809147, 23.7307835 37.9808751, 23.7302236 37.9805828, 23.7301904 37.9805789, 23.7301146 37.9805914)",,,,,37.9805914,23.7301146
149,85,135,0,52493742,TRUE,3,Σταδίου,primary,1,FALSE,91.842,"LINESTRING (23.7315863 37.9800553, 23.7317162 37.979896, 23.7319804 37.9795818, 23.7321624 37.9793654)",,,ΕΟ1,,37.9793654,23.7321624
150,86,104,0,23183271,TRUE,,Εδουάρδου Λω,residential,0,FALSE,119.49,"LINESTRING (23.7327189 37.9787013, 23.7336538 37.9792412, 23.733687 37.9792599, 23.73382 37.9793349)",,,,,37.9793349,23.73382
151,86,206,0,51249356,TRUE,,Χρήστου Λαδά,residential,0,FALSE,54.024,"LINESTRING (23.7327189 37.9787013, 23.7326408 37.978658, 23.7322178 37.9784184)",,,,,37.9784184,23.7322178
152,86,87,0,704293239,TRUE,3,Σταδίου,primary,1,FALSE,82.102,"LINESTRING (23.7327189 37.9787013, 23.7331314 37.978191, 23.7331607 37.9781547, 23.733224 37.9780795)",,,ΕΟ1,,37.9780795,23.733224
153,87,88,0,299506410,TRUE,3,Σταδίου,primary,1,FALSE,78.133,"LINESTRING (23.733224 37.9780795, 23.7334356 37.9778312, 23.7334512 37.9778129, 23.7336461 37.9775975, 23.7336669 37.9775725, 23.7337272 37.9774996)",,,ΕΟ1,,37.9774996,23.7337272
154,88,89,0,"[23183808, 921453820]",TRUE,3,Αμερικής,tertiary,3,FALSE,120.255,"LINESTRING (23.7337272 37.9774996, 23.7338532 37.9775648, 23.7340637 37.9776738, 23.7340981 37.9776916, 23.7346859 37.977996, 23.7347453 37.9780268, 23.7347879 37.9780489, 23.7348738 37.9780935)",,,,,37.9780935,23.7348738
155,88,2,0,"[789798944, 207979572, 401608893]",TRUE,3,Σταδίου,primary,1,FALSE,164.564,"LINESTRING (23.7337272 37.9774996, 23.7340839 37.9770782, 23.7343545 37.9767585, 23.7343863 37.9767209, 23.734435 37.9766622, 23.7344574 37.9766165, 23.7344685 37.9765823, 23.7344673 37.9765445, 23.7344311 37.9764027, 23.7344138 37.9763347, 23.7344026 37.976291, 23.7343793 37.9761998)",,,ΕΟ1,,37.9761998,23.7343793
156,89,94,0,207979566,TRUE,2,Αμερικής,tertiary,3,FALSE,169.131,"LINESTRING (23.7348738 37.9780935, 23.7349831 37.9781499, 23.7351379 37.9782301, 23.7353279 37.9783285, 23.7359452 37.9786481, 23.7361586 37.9787586, 23.7363773 37.9788719, 23.7363911 37.978879, 23.7364867 37.9789285)",,,,,37.9789285,23.7364867
157,89,90,0,207979569,TRUE,5,Ελευθερίου Βενιζέλου,primary,1,FALSE,79.621,"LINESTRING (23.7348738 37.9780935, 23.7344379 37.978607, 23.7344107 37.978639, 23.7343686 37.9786886)",50,,,,37.9786886,23.7343686
158,90,104,0,207979569,TRUE,5,Ελευθερίου Βενιζέλου,primary,1,FALSE,86.467,"LINESTRING (23.7343686 37.9786886, 23.7339627 37.9791668, 23.73382 37.9793349)",50,,,,37.9793349,23.73382
159,90,87,0,"[295081898, 299510530]",TRUE,,Ομήρου,residential,0,FALSE,121.079,"LINESTRING (23.7343686 37.9786886, 23.7342842 37.9786445, 23.7342382 37.9786162, 23.7333584 37.9781441, 23.7333252 37.9781263, 23.733224 37.9780795)",,,,,37.9780795,23.733224
160,91,96,0,299644700,TRUE,4,Ακαδημίας,secondary,2,FALSE,49.807,"LINESTRING (23.7372101 37.978045, 23.7375028 37.9776989, 23.7375253 37.9776723)",,,,,37.9776723,23.7375253
161,92,150,0,734707701,TRUE,2,Σόλωνος,secondary,2,FALSE,48.165,"LINESTRING (23.7382559 37.9785906, 23.73796 37.9789556)",,,,,37.9789556,23.73796
162,92,151,0,393398564,TRUE,,Βουκουρεστίου,residential,0,FALSE,56.718,"LINESTRING (23.7382559 37.9785906, 23.7382452 37.978585, 23.7377161 37.9783093)",,,,,37.9783093,23.7377161
163,93,255,0,734707701,TRUE,2,Σόλωνος,secondary,2,FALSE,82.287,"LINESTRING (23.73754 37.9794738, 23.7370606 37.9800652, 23.7370565 37.9800702, 23.7370345 37.9800974)",,,,,37.9800974,23.7370345
164,94,153,0,23182796,TRUE,2,Λυκαβηττού,tertiary,3,FALSE,55.287,"LINESTRING (23.7364867 37.9789285, 23.7365236 37.9789476, 23.7368166 37.9790994, 23.7370139 37.9792015)",,,,,37.9792015,23.7370139
165,94,101,0,299644700,TRUE,4,Ακαδημίας,secondary,2,FALSE,70.184,"LINESTRING (23.7364867 37.9789285, 23.7365012 37.978911, 23.7369241 37.9783998)",,,,,37.9783998,23.7369241
166,95,99,0,23182837,TRUE,,Πινδάρου,residential,0,FALSE,52.148,"LINESTRING (23.7376587 37.9775113, 23.7377084 37.9775376, 23.7381525 37.9777729)",,,,,37.9777729,23.7381525
167,95,237,0,299644700,TRUE,4,Ακαδημίας,secondary,2,FALSE,29.006,"LINESTRING (23.7376587 37.9775113, 23.7377737 37.9773717, 23.7378019 37.9773376, 23.7378391 37.9772926)",,,,,37.9772926,23.7378391
168,96,95,0,299644700,TRUE,4,Ακαδημίας,secondary,2,FALSE,21.382,"LINESTRING (23.7375253 37.9776723, 23.7376587 37.9775113)",,,,,37.9775113,23.7376587
169,97,227,0,167920360,TRUE,4,Ελευθερίου Βενιζέλου,primary,1,FALSE,42.937,"LINESTRING (23.7358438 37.9765, 23.7358752 37.9767127, 23.7358882 37.9768844)",50,,,,37.9768844,23.7358882
170,98,225,0,"[5656636, 624053070]",TRUE,3,"['Ελευθερίου Βενιζέλου', 'Βασιλίσσης Αμαλίας']",primary,1,FALSE,17.314,"LINESTRING (23.7357767 37.9759484, 23.7357859 37.9760241, 23.73579 37.9760578, 23.7357956 37.9761034)",30,,,,37.9761034,23.7357956
171,98,208,0,"[23182816, 909651171]",TRUE,1,Βασιλίσσης Σοφίας,primary_link,1,FALSE,37.937,"LINESTRING (23.7357767 37.9759484, 23.735835 37.9760118, 23.7358643 37.9760393, 23.7359137 37.9760822, 23.7359789 37.97612, 23.7360383 37.9761451, 23.7360978 37.9761678)",,,ΕΟ54,,37.9761678,23.7360978
172,99,100,0,23182837,TRUE,,Πινδάρου,residential,0,FALSE,56.586,"LINESTRING (23.7381525 37.9777729, 23.7386025 37.9780113, 23.7386759 37.9780502, 23.7386883 37.9780568)",,,,,37.9780568,23.7386883
173,100,92,0,734707701,TRUE,2,Σόλωνος,secondary,2,FALSE,70.424,"LINESTRING (23.7386883 37.9780568, 23.7382957 37.9785415, 23.7382779 37.9785634, 23.7382559 37.9785906)",,,,,37.9785906,23.7382559
174,101,152,0,23182843,TRUE,,Δημοκρίτου,residential,0,FALSE,52.655,"LINESTRING (23.7369241 37.9783998, 23.7374206 37.9786664)",,,,,37.9786664,23.7374206
175,101,91,0,299644700,TRUE,4,Ακαδημίας,secondary,2,FALSE,46.753,"LINESTRING (23.7369241 37.9783998, 23.7369986 37.9783094, 23.737144 37.9781336, 23.7371551 37.9781201, 23.7372101 37.978045)",,,,,37.978045,23.7372101
176,102,100,0,734707701,TRUE,2,Σόλωνος,secondary,2,FALSE,55.287,"LINESTRING (23.7390281 37.9776379, 23.7386883 37.9780568)",,,,,37.9780568,23.7386883
177,104,105,0,"[168914464, 167907746]",TRUE,"['4', '5']","['Ελευθερίου Βενιζέλου', 'Πανεπιστημίου']",primary,1,FALSE,238.486,"LINESTRING (23.73382 37.9793349, 23.7334103 37.9798033, 23.7333775 37.9798408, 23.7332158 37.9800167, 23.7330411 37.9802254, 23.7330067 37.9802647, 23.7329118 37.9803732, 23.7325802 37.9807629, 23.7323767 37.9810049, 23.7323348 37.9810541, 23.7322913 37.9811089)",50,,,,37.9811089,23.7322913
178,105,112,0,704293238,TRUE,4,Ελευθερίου Βενιζέλου,primary,1,FALSE,51.287,"LINESTRING (23.7322913 37.9811089, 23.7322028 37.9812137, 23.7319664 37.9814925)",50,,,,37.9814925,23.7319664
179,106,252,0,32015255,TRUE,2,Ασκληπιού,tertiary,3,FALSE,113.905,"LINESTRING (23.734332 37.9815409, 23.7343589 37.9815545, 23.7351719 37.9819671, 23.7353606 37.9820628, 23.7354054 37.9820853, 23.735425 37.9820951)",,,,,37.9820951,23.735425
180,106,256,0,"[751068056, 167907737, 316770031]",TRUE,4,Ακαδημίας,secondary,2,FALSE,171.188,"LINESTRING (23.734332 37.9815409, 23.7344009 37.981452, 23.7344784 37.9813583, 23.7345745 37.9812419, 23.7346074 37.9812021, 23.7348312 37.9809315, 23.7348787 37.980874, 23.7349141 37.9808312, 23.735283 37.9803849, 23.7353546 37.9802983, 23.735395 37.9802494)",40,,,,37.9802494,23.735395
181,107,187,0,260124786,TRUE,2,Ακαδημίας,secondary,2,FALSE,61.63,"LINESTRING (23.7332314 37.9829088, 23.733269 37.9828629, 23.7336127 37.9824431)",,,,,37.9824431,23.7336127
182,107,133,0,260124787,TRUE,2,Χαριλάου Τρικούπη,tertiary,3,FALSE,112.553,"LINESTRING (23.7332314 37.9829088, 23.7333026 37.9829461, 23.7336882 37.9831445, 23.7342473 37.9834285, 23.7342965 37.9834553, 23.7343073 37.9834614)",30,,,,37.9834614,23.7343073
183,108,134,0,23183967,FALSE,1,Πλατεία Κωστή Παλαμά,residential,0,FALSE,62.885,"LINESTRING (23.7338204 37.9818966, 23.7342104 37.9814219)",,,,,37.9814219,23.7342104
184,108,105,0,1058105332,TRUE,2,Ιπποκράτους,tertiary,3,FALSE,160.134,"LINESTRING (23.7338204 37.9818966, 23.7337299 37.9818514, 23.7334259 37.9816964, 23.73317 37.9815571, 23.7330237 37.9814796, 23.7329583 37.9814449, 23.7328704 37.9813979, 23.7327428 37.9813335, 23.7324799 37.9811976, 23.7324385 37.9811768, 23.7322913 37.9811089)",,,,,37.9811089,23.7322913
185,109,108,0,168914460,TRUE,2,Ιπποκράτους,tertiary,3,FALSE,17.644,"LINESTRING (23.7339908 37.9819811, 23.7338204 37.9818966)",,,,,37.9818966,23.7338204
186,109,106,0,168914459,TRUE,4,Ακαδημίας,secondary,2,FALSE,57.361,"LINESTRING (23.7339908 37.9819811, 23.7341431 37.9817846, 23.7342563 37.9816386, 23.7342821 37.9816053, 23.734332 37.9815409)",40,,,,37.9815409,23.734332
187,110,133,0,259803255,TRUE,2,Σόλωνος,secondary,2,FALSE,61.903,"LINESTRING (23.7346918 37.9829944, 23.7343616 37.9833954, 23.7343478 37.9834122, 23.7343073 37.9834614)",,,,,37.9834614,23.7343073
188,110,111,0,634252646,TRUE,1,Μαυρομιχάλη,residential,0,FALSE,90.444,"LINESTRING (23.7346918 37.9829944, 23.7347064 37.9830018, 23.7355153 37.9834109, 23.7355592 37.983435)",,,,,37.983435,23.7355592
189,112,84,0,23183369,TRUE,1,Πεσμαζόγλου,tertiary,3,FALSE,116.361,"LINESTRING (23.7319664 37.9814925, 23.7318516 37.9814325, 23.7310745 37.9810269, 23.7309669 37.9809707, 23.7309514 37.9809627, 23.7308595 37.9809147)",,,,,37.9809147,23.7308595
190,112,113,0,207891571,TRUE,4,Ελευθερίου Βενιζέλου,primary,1,FALSE,70.381,"LINESTRING (23.7319664 37.9814925, 23.7319199 37.9815427, 23.7315849 37.9819271, 23.7315553 37.9819611, 23.7315114 37.982014)",50,,,,37.982014,23.7315114
191,113,124,0,168904430,FALSE,4,Ελευθερίου Βενιζέλου,primary,1,FALSE,28.065,"LINESTRING (23.7315114 37.982014, 23.7313355 37.9822249)",50,,,,37.9822249,23.7313355
192,113,114,0,23183371,TRUE,2,Χαριλάου Τρικούπη,tertiary,3,FALSE,83.044,"LINESTRING (23.7315114 37.982014, 23.7316283 37.9820738, 23.7318306 37.9821775, 23.7321909 37.9823624, 23.7323057 37.9824212)",30,,,,37.9824212,23.7323057
193,114,130,0,23183939,TRUE,,Φειδίου,residential,0,FALSE,49.814,"LINESTRING (23.7323057 37.9824212, 23.7319847 37.9827909)",,,,,37.9827909,23.7319847
194,114,107,0,23183371,TRUE,2,Χαριλάου Τρικούπη,tertiary,3,FALSE,97.581,"LINESTRING (23.7323057 37.9824212, 23.7328491 37.9827067, 23.7331183 37.9828491, 23.7331571 37.9828696, 23.7332314 37.9829088)",30,,,,37.9829088,23.7332314
195,115,130,0,23183940,TRUE,,Γεωργίου Γενναδίου,residential,0,FALSE,99.045,"LINESTRING (23.7329218 37.9832887, 23.732841 37.9832436, 23.7325512 37.9830904, 23.7321501 37.9828784, 23.7319847 37.9827909)",,,,,37.9827909,23.7319847
196,115,107,0,52493436,TRUE,2,Ακαδημίας,secondary,2,FALSE,50.207,"LINESTRING (23.7329218 37.9832887, 23.7331673 37.9829871, 23.7331882 37.9829616, 23.7332314 37.9829088)",,,,,37.9829088,23.7332314
197,116,115,0,52493436,TRUE,2,Ακαδημίας,secondary,2,FALSE,115.003,"LINESTRING (23.7322095 37.9841573, 23.7324558 37.9838563, 23.732524 37.983773, 23.7326909 37.9835692, 23.7328544 37.9833694, 23.7328743 37.9833451, 23.7329218 37.9832887)",,,,,37.9832887,23.7329218
198,116,174,0,636473899,TRUE,1,Εμμανουήλ Μπενάκη,residential,0,FALSE,43.455,"LINESTRING (23.7322095 37.9841573, 23.7322373 37.9841722, 23.7322548 37.9841815, 23.7326199 37.9843766)",,,,,37.9843766,23.7326199
199,117,116,0,52493436,TRUE,2,Ακαδημίας,secondary,2,FALSE,77.438,"LINESTRING (23.7317305 37.9847425, 23.7321212 37.9842652, 23.7321928 37.9841776, 23.7322095 37.9841573)",,,,,37.9841573,23.7322095
200,117,128,0,601303882,TRUE,,Θεμιστοκλέους,residential,0,FALSE,88.189,"LINESTRING (23.7317305 37.9847425, 23.73168 37.9847157, 23.7312203 37.984473, 23.7308945 37.9843011)",,,,,37.9843011,23.7308945
201,118,123,0,207971475,TRUE,3,Σταδίου,primary,1,FALSE,38.441,"LINESTRING (23.7291536 37.9829031, 23.7293886 37.9826112)",,,ΕΟ1,,37.9826112,23.7293886
202,119,122,0,636473899,TRUE,1,Εμμανουήλ Μπενάκη,residential,0,FALSE,79.297,"LINESTRING (23.7304891 37.9832261, 23.7305703 37.9832813, 23.7309775 37.9834989, 23.7312304 37.9836341)",,,,,37.9836341,23.7312304
203,119,140,0,"[1101347640, 310790356, 702080078, 601303884]",TRUE,4,Ελευθερίου Βενιζέλου,primary,1,FALSE,132.073,"LINESTRING (23.7304891 37.9832261, 23.7303534 37.9833821, 23.7303289 37.983412, 23.7302408 37.9835196, 23.7301948 37.9835758, 23.7301287 37.9836541, 23.730077 37.9837153, 23.7300462 37.9837446, 23.7300193 37.9837667, 23.7299925 37.9837869, 23.7299604 37.9838079, 23.7299212 37.9838237, 23.7298932 37.983832, 23.7298448 37.983843, 23.7295445 37.9838894, 23.7294754 37.9839, 23.7293833 37.983919)",50,,,,37.983919,23.7293833
204,120,127,0,601290889,TRUE,2,Σόλωνος,secondary,2,FALSE,76.849,"LINESTRING (23.7332879 37.9847331, 23.7328196 37.9853174)",,,,,37.9853174,23.7328196
205,120,173,0,636473899,TRUE,1,Εμμανουήλ Μπενάκη,residential,0,FALSE,66.702,"LINESTRING (23.7332879 37.9847331, 23.7332982 37.9847384, 23.7339253 37.9850609)",,,,,37.9850609,23.7339253
206,121,128,0,23183931,TRUE,,Νικηταρά,residential,0,FALSE,89.512,"LINESTRING (23.7318096 37.9839436, 23.7308945 37.9843011)",,,,,37.9843011,23.7308945
207,121,116,0,636473899,TRUE,1,Εμμανουήλ Μπενάκη,residential,0,FALSE,42.344,"LINESTRING (23.7318096 37.9839436, 23.732091 37.984094, 23.7321365 37.9841183, 23.7322095 37.9841573)",,,,,37.9841573,23.7322095
208,122,129,0,636473899,TRUE,1,Εμμανουήλ Μπενάκη,residential,0,FALSE,4.891,"LINESTRING (23.7312304 37.9836341, 23.7312812 37.9836523)",,,,,37.9836523,23.7312812
209,123,83,0,207971475,TRUE,3,Σταδίου,primary,1,FALSE,127.439,"LINESTRING (23.7293886 37.9826112, 23.7299078 37.9820113, 23.7300066 37.9818879, 23.7301235 37.9817545, 23.7301633 37.9817101, 23.7301804 37.9816909, 23.7302053 37.9816631)",,,ΕΟ1,,37.9816631,23.7302053
210,123,119,0,636473899,TRUE,1,Εμμανουήλ Μπενάκη,residential,0,FALSE,118.281,"LINESTRING (23.7293886 37.9826112, 23.7294614 37.9826539, 23.7299847 37.9829605, 23.7301347 37.983033, 23.7302769 37.9831105, 23.7303166 37.9831321, 23.7304891 37.9832261)",,,,,37.9832261,23.7304891
211,124,113,0,168904430,FALSE,4,Ελευθερίου Βενιζέλου,primary,1,TRUE,28.065,"LINESTRING (23.7313355 37.9822249, 23.7315114 37.982014)",50,,,,37.982014,23.7315114
212,124,119,0,284241337,TRUE,4,Ελευθερίου Βενιζέλου,primary,1,FALSE,133.783,"LINESTRING (23.7313355 37.9822249, 23.731307 37.9822583, 23.7310154 37.9826038, 23.7309723 37.9826532, 23.7306474 37.9830398, 23.7306434 37.9830446, 23.7305479 37.9831576, 23.7305319 37.9831766, 23.7304891 37.9832261)",50,,,,37.9832261,23.7304891
213,125,88,0,219362015,TRUE,1,Κολοκοτρώνη,residential,0,FALSE,80.438,"LINESTRING (23.732875 37.977355, 23.7331462 37.9773196, 23.733164 37.9773173, 23.7332469 37.9773155, 23.7333231 37.9773205, 23.7334044 37.9773456, 23.7336007 37.9774488, 23.733617 37.9774574, 23.7337272 37.9774996)",,,,,37.9774996,23.7337272
214,126,176,0,23183949,TRUE,,Ζωοδόχου Πηγής,residential,0,FALSE,35.548,"LINESTRING (23.7340111 37.9838309, 23.7339953 37.983822, 23.7336753 37.9836516)",,,,,37.9836516,23.7336753
215,126,177,0,601290889,TRUE,2,Σόλωνος,secondary,2,FALSE,87.07,"LINESTRING (23.7340111 37.9838309, 23.733819 37.9840706, 23.7335786 37.9843705, 23.7334805 37.9844929)",,,,,37.9844929,23.7334805
216,127,179,0,601303882,TRUE,,Θεμιστοκλέους,residential,0,FALSE,65.984,"LINESTRING (23.7328196 37.9853174, 23.7327828 37.985298, 23.7323173 37.985052, 23.7321942 37.984987)",,,,,37.984987,23.7321942
217,128,122,0,"[601303882, 23183922]",TRUE,,"['Γαμβέτα', 'Θεμιστοκλέους']",residential,0,FALSE,97.841,"LINESTRING (23.7308945 37.9843011, 23.730707 37.9842021, 23.730942 37.9839447, 23.7310634 37.9838117, 23.7312304 37.9836341)",,,,,37.9836341,23.7312304
218,129,121,0,636473899,TRUE,1,Εμμανουήλ Μπενάκη,residential,0,FALSE,56.516,"LINESTRING (23.7312812 37.9836523, 23.7316885 37.9838789, 23.7318096 37.9839436)",,,,,37.9839436,23.7318096
219,130,129,0,23183939,TRUE,,Φειδίου,residential,0,FALSE,113.912,"LINESTRING (23.7319847 37.9827909, 23.7319083 37.9828846, 23.7316281 37.9832284, 23.7312812 37.9836523)",,,,,37.9836523,23.7312812
220,131,172,0,23183949,TRUE,,Ζωοδόχου Πηγής,residential,0,FALSE,25.537,"LINESTRING (23.7348571 37.9842915, 23.7346288 37.9841488)",,,,,37.9841488,23.7346288
221,131,132,0,23183364,TRUE,,Ναυαρίνου,residential,0,FALSE,51.484,"LINESTRING (23.7348571 37.9842915, 23.7351509 37.9839534, 23.7351894 37.9839097)",,,,,37.9839097,23.7351894
222,132,111,0,636757315,TRUE,1,Ναυαρίνου,tertiary,3,FALSE,61.94,"LINESTRING (23.7351894 37.9839097, 23.7355592 37.983435)",,,,,37.983435,23.7355592
223,133,132,0,601290888,TRUE,2,Χαριλάου Τρικούπη,tertiary,3,FALSE,91.99,"LINESTRING (23.7343073 37.9834614, 23.734326 37.983471, 23.7349073 37.9837699, 23.735142 37.9838862, 23.7351894 37.9839097)",30,,,,37.9839097,23.7351894
224,133,126,0,601290889,TRUE,2,Σόλωνος,secondary,2,FALSE,48.6,"LINESTRING (23.7343073 37.9834614, 23.7342541 37.9835278, 23.7340318 37.9838051, 23.7340262 37.9838121, 23.7340111 37.9838309)",,,,,37.9838309,23.7340111
225,134,108,0,23183967,FALSE,1,Πλατεία Κωστή Παλαμά,residential,0,TRUE,62.885,"LINESTRING (23.7342104 37.9814219, 23.7338204 37.9818966)",,,,,37.9818966,23.7338204
226,134,106,0,749160929,TRUE,2,Ρήγα Φεραίου,tertiary,3,FALSE,16.99,"LINESTRING (23.7342104 37.9814219, 23.734332 37.9815409)",,,,,37.9815409,23.734332
227,134,259,0,23183967,FALSE,1,Πλατεία Κωστή Παλαμά,residential,0,FALSE,166.641,"LINESTRING (23.7342104 37.9814219, 23.7342711 37.9813446, 23.734708 37.9808279, 23.7347693 37.9807557, 23.7352717 37.9801786)",,,,,37.9801786,23.7352717
228,135,86,0,52493741,TRUE,3,Σταδίου,primary,1,FALSE,88.5,"LINESTRING (23.7321624 37.9793654, 23.7321994 37.9793224, 23.732239 37.9792743, 23.7326576 37.9787765, 23.7327189 37.9787013)",,,ΕΟ1,,37.9787013,23.7327189
229,136,127,0,32357785,TRUE,1,Θεμιστοκλέους,tertiary,3,FALSE,56.092,"LINESTRING (23.7333508 37.9855988, 23.732826 37.9853208, 23.7328196 37.9853174)",30,,,,37.9853174,23.7328196
230,137,52,0,601294001,TRUE,1,Σπύρου Τρικούπη,tertiary,3,FALSE,93.054,"LINESTRING (23.7353794 37.9900724, 23.7351829 37.98925)",,,,,37.98925,23.7351829
231,137,185,0,1030692605,FALSE,1,Σπύρου Τρικούπη,tertiary,3,TRUE,5.408,"LINESTRING (23.7353794 37.9900724, 23.7353908 37.9901202)",,,,,37.9901202,23.7353908
232,138,117,0,52493436,TRUE,2,Ακαδημίας,secondary,2,FALSE,56.576,"LINESTRING (23.7313805 37.98517, 23.7314239 37.985117, 23.7314419 37.985096, 23.7314506 37.9850842, 23.731462 37.9850704, 23.7316335 37.984861, 23.7317129 37.9847639, 23.7317305 37.9847425)",,,,,37.9847425,23.7317305
233,139,17,0,32357772,TRUE,,Βερανζέρου,residential,0,FALSE,121.869,"LINESTRING (23.7297355 37.985374, 23.7296486 37.9853873, 23.7290869 37.9854736, 23.7285221 37.9855603, 23.7283706 37.9855836)",,,,,37.9855836,23.7283706
234,139,140,0,168737311,TRUE,3,28ης Οκτωβρίου,primary,1,FALSE,164.707,"LINESTRING (23.7297355 37.985374, 23.7297279 37.9853422, 23.7296518 37.9850282, 23.7296039 37.9848301, 23.7295576 37.9846389, 23.7294916 37.9843664, 23.7294744 37.9842952, 23.7294279 37.9841031, 23.7294072 37.9840178, 23.7293833 37.983919)",,,ΕΟ1,,37.983919,23.7293833
235,140,118,0,"[702080080, 32295709]",TRUE,2,Αιόλου,primary,1,FALSE,115.116,"LINESTRING (23.7293833 37.983919, 23.7293909 37.983805, 23.7292888 37.9834168, 23.7292018 37.9830862, 23.7291841 37.9830192, 23.7291536 37.9829031)",,,ΕΟ1,,37.9829031,23.7291536
236,140,146,0,"[24218743, 189063911]",TRUE,"['4', '5']","['Ελευθερίου Βενιζέλου', 'Πλατεία Ομονοίας']",primary,1,FALSE,124.426,"LINESTRING (23.7293833 37.983919, 23.7292179 37.9839433, 23.7289156 37.9839876, 23.728794 37.9840055, 23.7287336 37.9840122, 23.7286479 37.9840277, 23.7285954 37.984063, 23.7285601 37.9841135, 23.7285142 37.9842131, 23.7284529 37.984292, 23.7283723 37.9843526, 23.7283714 37.984353, 23.7282854 37.9843928, 23.7282236 37.9844092)",50,,ΕΟ8,,37.9844092,23.7282236
237,141,228,0,23182806,TRUE,2,Χαλκοκονδύλη,secondary,2,FALSE,79.485,"LINESTRING (23.7298764 37.9859556, 23.7299325 37.985943, 23.7299629 37.9859391, 23.7306122 37.9858359, 23.7306862 37.9858239, 23.7307639 37.9858092)",,,,,37.9858092,23.7307639
238,141,139,0,168737311,TRUE,3,28ης Οκτωβρίου,primary,1,FALSE,65.84,"LINESTRING (23.7298764 37.9859556, 23.7298478 37.9858376, 23.7298014 37.9856461, 23.7297552 37.9854553, 23.7297355 37.985374)",,,ΕΟ1,,37.985374,23.7297355
239,142,245,0,250756985,TRUE,2,Σωκράτους,tertiary,3,FALSE,102.045,"LINESTRING (23.7268306 37.9843255, 23.7267348 37.9839327, 23.7266274 37.983495, 23.7266192 37.9834616, 23.7266101 37.9834244)",,,,,37.9834244,23.7266101
240,142,143,0,"[741087752, 775691204]",TRUE,3,Αγίου Κωνσταντίνου,primary,1,FALSE,113.729,"LINESTRING (23.7268306 37.9843255, 23.7261231 37.9844432, 23.7259397 37.9844737, 23.7256535 37.9845213, 23.7255873 37.9845323, 23.7255609 37.9845367)",50,,ΕΟ8,,37.9845367,23.7255609
241,143,81,0,741087756,TRUE,2,Μενάνδρου,tertiary,3,FALSE,99.205,"LINESTRING (23.7255609 37.9845367, 23.7252862 37.9836712)",,,,,37.9836712,23.7252862
242,143,144,0,286070634,TRUE,2,Αγίου Κωνσταντίνου,primary,1,FALSE,63.791,"LINESTRING (23.7255609 37.9845367, 23.7255244 37.9845428, 23.7254436 37.9845562, 23.7249249 37.9846425, 23.7248487 37.9846551)",50,,ΕΟ8,,37.9846551,23.7248487
243,144,9,0,24259066,TRUE,1,Κουμουνδούρου,residential,0,FALSE,96.274,"LINESTRING (23.7248487 37.9846551, 23.725043 37.9854696, 23.7250517 37.985506)",,,,,37.985506,23.7250517
244,145,9,0,10741731,TRUE,,Σατωβριάνδου,residential,0,FALSE,67.372,"LINESTRING (23.7242961 37.9856175, 23.7250517 37.985506)",,,,,37.985506,23.7250517
245,145,200,0,23199947,TRUE,1,Νικηφόρου,residential,0,FALSE,40.06,"LINESTRING (23.7242961 37.9856175, 23.724206 37.9852643)",,,,,37.9852643,23.724206
246,146,142,0,"[23184691, 168725549]",TRUE,3,"['Πλατεία Ομονοίας', 'Αγίου Κωνσταντίνου']",primary,1,FALSE,128.648,"LINESTRING (23.7282236 37.9844092, 23.7280857 37.9844122, 23.7279291 37.9843929, 23.7278234 37.9843582, 23.7277557 37.9843261, 23.7276959 37.9842902, 23.7276403 37.9842574, 23.7275809 37.9842317, 23.7275282 37.9842204, 23.7275102 37.9842212, 23.7274395 37.9842258, 23.7274138 37.9842285, 23.727229 37.9842593, 23.7270624 37.984287, 23.7269111 37.9843121, 23.7268706 37.9843188, 23.7268306 37.9843255)",50,,ΕΟ8,,37.9843255,23.7268306
247,146,18,0,"[977757273, 10741733]",TRUE,3,3ης Σεπτεμβρίου,primary,1,FALSE,72.624,"LINESTRING (23.7282236 37.9844092, 23.7281642 37.9844766, 23.7281465 37.9845076, 23.7281366 37.9845403, 23.7281335 37.984577, 23.7281354 37.9846107, 23.728142 37.984648, 23.7282093 37.9849443, 23.7282197 37.984984, 23.7282265 37.9850099, 23.7282335 37.9850366)",,,,,37.9850366,23.7282335
248,147,215,0,85392263,TRUE,1,Χαλκοκονδύλη,secondary,2,FALSE,29.792,"LINESTRING (23.7273229 37.9863298, 23.7269891 37.9863805)",,,,,37.9863805,23.7269891
249,147,16,0,32245113,TRUE,2,Χαλκοκονδύλη,primary,1,FALSE,106.178,"LINESTRING (23.7273229 37.9863298, 23.7274273 37.9863146, 23.7277642 37.9862656, 23.7281613 37.9862078, 23.7283591 37.986179, 23.7284063 37.9861721, 23.7285143 37.9861564)",,,,,37.9861564,23.7285143
250,147,7,0,"[10976960, 972965169]",TRUE,2,Σωκράτους,tertiary,3,FALSE,63.886,"LINESTRING (23.7273229 37.9863298, 23.7272642 37.9860902, 23.7272061 37.9858533, 23.7272044 37.9858464, 23.7271846 37.9857657)",,,,,37.9857657,23.7271846
251,148,252,0,299510181,TRUE,2,Σόλωνος,secondary,2,FALSE,106.826,"LINESTRING (23.7360784 37.9812841, 23.7354542 37.9820589, 23.7354338 37.9820842, 23.735425 37.9820951)",,,,,37.9820951,23.735425
252,149,94,0,299510529,TRUE,4,Ακαδημίας,secondary,2,FALSE,80.537,"LINESTRING (23.7359852 37.9795354, 23.7362987 37.9791562, 23.7364376 37.9789881, 23.7364676 37.9789518, 23.7364867 37.9789285)",,,,,37.9789285,23.7364867
253,149,202,0,299510530,TRUE,,Ομήρου,residential,0,FALSE,57.838,"LINESTRING (23.7359852 37.9795354, 23.7359224 37.9795022, 23.7354357 37.9792474)",,,,,37.9792474,23.7354357
254,150,93,0,734707701,TRUE,2,Σόλωνος,secondary,2,FALSE,68.376,"LINESTRING (23.73796 37.9789556, 23.7375548 37.9794555, 23.73754 37.9794738)",,,,,37.9794738,23.73754
255,151,99,0,23182838,TRUE,,Σούτσου Αλ.,residential,0,FALSE,70.856,"LINESTRING (23.7377161 37.9783093, 23.7381525 37.9777729)",,,,,37.9777729,23.7381525
256,151,91,0,393398564,TRUE,,Βουκουρεστίου,residential,0,FALSE,53.204,"LINESTRING (23.7377161 37.9783093, 23.7372814 37.9780823, 23.7372502 37.9780659, 23.7372101 37.978045)",,,,,37.978045,23.7372101
257,152,151,0,23182838,TRUE,,Σούτσου Αλ.,residential,0,FALSE,47.408,"LINESTRING (23.7374206 37.9786664, 23.7377161 37.9783093)",,,,,37.9783093,23.7377161
258,152,150,0,23182843,TRUE,,Δημοκρίτου,residential,0,FALSE,57.181,"LINESTRING (23.7374206 37.9786664, 23.7378932 37.9789203, 23.7379509 37.97895, 23.73796 37.9789556)",,,,,37.9789556,23.73796
259,153,93,0,23182796,TRUE,2,Λυκαβηττού,tertiary,3,FALSE,55.164,"LINESTRING (23.7370139 37.9792015, 23.7373742 37.9793881, 23.7375319 37.9794696, 23.73754 37.9794738)",,,,,37.9794738,23.73754
260,153,152,0,23182838,TRUE,,Σούτσου Αλ.,residential,0,FALSE,69.361,"LINESTRING (23.7370139 37.9792015, 23.7370261 37.9791854, 23.7374206 37.9786664)",,,,,37.9786664,23.7374206
261,154,185,0,10971782,TRUE,1,Σπύρου Τρικούπη,tertiary,3,FALSE,101.086,"LINESTRING (23.7356042 37.9910136, 23.7355915 37.9909603, 23.7354983 37.9905701, 23.7353908 37.9901202)",,,,,37.9901202,23.7353908
262,155,154,0,249697226,TRUE,3,Αλεξάνδρας,primary,1,FALSE,38.737,"LINESTRING (23.7351706 37.9910813, 23.7353893 37.9910471, 23.7354176 37.9910427, 23.7356042 37.9910136)",50,,,,37.9910136,23.7356042
263,156,155,0,249697226,TRUE,3,Αλεξάνδρας,primary,1,FALSE,43.848,"LINESTRING (23.73468 37.9911588, 23.7351706 37.9910813)",50,,,,37.9910813,23.7351706
264,156,159,0,31985276,TRUE,,Ζαΐμη,residential,0,FALSE,47.45,"LINESTRING (23.73468 37.9911588, 23.7346189 37.9909059, 23.7345787 37.9907396)",,,,,37.9907396,23.7345787
265,157,188,0,49285974,TRUE,,Μπουμπουλίνας,tertiary,3,FALSE,9.712,"LINESTRING (23.7340774 37.9912669, 23.7340988 37.9913526)",,,,,37.9913526,23.7340988
266,157,156,0,878082499,TRUE,3,Αλεξάνδρας,primary,1,FALSE,54.161,"LINESTRING (23.7340774 37.9912669, 23.734145 37.9912563, 23.73468 37.9911588)",50,,,,37.9911588,23.73468
267,158,161,0,10972563,TRUE,,Ρεθύμνου,residential,0,FALSE,46.84,"LINESTRING (23.7330412 37.9914268, 23.7329366 37.9910137)",,,,,37.9910137,23.7329366
268,158,157,0,163711426,TRUE,3,Αλεξάνδρας,primary,1,FALSE,92.53,"LINESTRING (23.7330412 37.9914268, 23.73374 37.991319, 23.7339923 37.99128, 23.7340774 37.9912669)",50,,,,37.9912669,23.7340774
269,159,56,0,31985276,TRUE,,Ζαΐμη,residential,0,FALSE,52.93,"LINESTRING (23.7345787 37.9907396, 23.7344762 37.9903158, 23.7344657 37.990272)",,,,,37.990272,23.7344657
270,160,157,0,228109849,TRUE,,Μπουμπουλίνας,tertiary,3,FALSE,48.254,"LINESTRING (23.7339711 37.9908411, 23.7340588 37.9911924, 23.734062 37.9912054, 23.7340774 37.9912669)",,,,,37.9912669,23.7340774
271,160,159,0,712030313,TRUE,,Ιουλιανού,residential,0,FALSE,54.429,"LINESTRING (23.7339711 37.9908411, 23.7345463 37.9907451, 23.7345787 37.9907396)",,,,,37.9907396,23.7345787
272,161,59,0,10972563,TRUE,,Ρεθύμνου,residential,0,FALSE,53.348,"LINESTRING (23.7329366 37.9910137, 23.7328323 37.9906015, 23.7328175 37.9905432)",,,,,37.9905432,23.7328175
273,161,160,0,712030313,TRUE,,Ιουλιανού,residential,0,FALSE,92.666,"LINESTRING (23.7329366 37.9910137, 23.7339321 37.9908476, 23.7339711 37.9908411)",,,,,37.9908411,23.7339711
274,162,226,0,82619469,TRUE,1,Μαυροματαίων,secondary,2,FALSE,36.761,"LINESTRING (23.7323822 37.9916285, 23.7324222 37.9917532, 23.7324856 37.9919489)",,,,,37.9919489,23.7324856
275,162,183,0,1050850176,TRUE,4,Αλεξάνδρας,primary,1,FALSE,47.907,"LINESTRING (23.7323822 37.9916285, 23.7322923 37.9916438, 23.7318478 37.9917193)",50,,,,37.9917193,23.7318478
276,163,162,0,400829835,TRUE,1,Μαυροματαίων,secondary,2,FALSE,11.937,"LINESTRING (23.732304 37.9915406, 23.7323822 37.9916285)",,,,,37.9916285,23.7323822
277,163,158,0,163711426,TRUE,3,Αλεξάνδρας,primary,1,FALSE,65.831,"LINESTRING (23.732304 37.9915406, 23.7324531 37.9915176, 23.7330412 37.9914268)",50,,,,37.9914268,23.7330412
278,164,161,0,712030313,TRUE,,Ιουλιανού,residential,0,FALSE,65.908,"LINESTRING (23.7322008 37.9911364, 23.7329366 37.9910137)",,,,,37.9910137,23.7329366
279,164,163,0,"[1050850177, 834694426]",TRUE,1,Μαυροματαίων,secondary,2,FALSE,45.848,"LINESTRING (23.7322008 37.9911364, 23.7322783 37.9914499, 23.73229 37.9914912, 23.732304 37.9915406)",,,,,37.9915406,23.732304
280,165,166,0,31985440,TRUE,,Φερών,residential,0,FALSE,115.432,"LINESTRING (23.7313195 37.9920746, 23.7301302 37.9922584, 23.7300958 37.9922637, 23.7300269 37.9922744)",,,,,37.9922744,23.7300269
281,165,242,0,390115233,TRUE,5,28ης Οκτωβρίου,primary,1,FALSE,28.927,"LINESTRING (23.7313195 37.9920746, 23.7312914 37.991959, 23.7312829 37.9919238, 23.7312574 37.9918191)",,,ΕΟ1,,37.9918191,23.7312574
282,166,193,0,222941079,TRUE,2,3ης Σεπτεμβρίου,secondary,2,FALSE,45.282,"LINESTRING (23.7300269 37.9922744, 23.7301271 37.9926739)",,,,,37.9926739,23.7301271
283,167,196,0,31985512,TRUE,,Αλιτσης,residential,0,FALSE,108.049,"LINESTRING (23.7287445 37.9902757, 23.7289639 37.9912319)",,,,,37.9912319,23.7289639
284,167,11,0,249412138,TRUE,1,Ηπείρου,secondary,2,FALSE,69.213,"LINESTRING (23.7287445 37.9902757, 23.7293964 37.9901749, 23.7294411 37.990168, 23.7295195 37.9901558)",,,,,37.9901558,23.7295195
285,170,54,0,188661340,FALSE,,Καλλιδρομίου,residential,0,TRUE,11.503,"LINESTRING (23.7360856 37.9891868, 23.7359784 37.9891271)",,,,,37.9891271,23.7359784
286,170,224,0,444374147,TRUE,,Καλλιδρομίου,residential,0,FALSE,58.475,"LINESTRING (23.7360856 37.9891868, 23.7357192 37.9896263)",,,,,37.9896263,23.7357192
287,171,140,0,"[32295538, 664520290, 702080079]",TRUE,2,Αιόλου,primary,1,FALSE,106.121,"LINESTRING (23.7288925 37.9832153, 23.7289702 37.9831857, 23.7289946 37.9831763, 23.7290384 37.9831698, 23.7290846 37.9831795, 23.7291275 37.9832049, 23.7291546 37.9832463, 23.7292751 37.9837147, 23.7292917 37.9837794, 23.7293021 37.98382, 23.7293833 37.983919)",,,ΕΟ1,,37.983919,23.7293833
288,171,118,0,189063912,TRUE,3,Σταδίου,primary,1,FALSE,41.579,"LINESTRING (23.7288925 37.9832153, 23.7290135 37.9830706, 23.7290679 37.9830056, 23.7291536 37.9829031)",,,,,37.9829031,23.7291536
289,172,126,0,23183949,TRUE,,Ζωοδόχου Πηγής,residential,0,FALSE,64.898,"LINESTRING (23.7346288 37.9841488, 23.7341912 37.9839515, 23.7340904 37.9838837, 23.7340256 37.9838414, 23.7340111 37.9838309)",,,,,37.9838309,23.7340111
290,172,173,0,32344454,TRUE,,Κωλέττη,residential,0,FALSE,118.707,"LINESTRING (23.7346288 37.9841488, 23.7343332 37.9845169, 23.7340626 37.984875, 23.7339662 37.9850077, 23.7339253 37.9850609)",,,,,37.9850609,23.7339253
291,173,136,0,684675758,TRUE,,Κωλέττη,residential,0,FALSE,78.183,"LINESTRING (23.7339253 37.9850609, 23.7333508 37.9855988)",30,,,,37.9855988,23.7333508
292,174,178,0,636473899,TRUE,1,Εμμανουήλ Μπενάκη,residential,0,FALSE,49.652,"LINESTRING (23.7326199 37.9843766, 23.7330888 37.9846272)",,,,,37.9846272,23.7330888
293,175,174,0,33878737,TRUE,,Ζαλόγγου,residential,0,FALSE,59.96,"LINESTRING (23.7331594 37.984045, 23.7326199 37.9843766)",,,,,37.9843766,23.7326199
294,175,177,0,33878745,TRUE,,Σουλίου,residential,0,FALSE,57.205,"LINESTRING (23.7331594 37.984045, 23.7334805 37.9844929)",,,,,37.9844929,23.7334805
295,176,115,0,23183949,TRUE,,Ζωοδόχου Πηγής,residential,0,FALSE,77.404,"LINESTRING (23.7336753 37.9836516, 23.7333047 37.983473, 23.733047 37.9833455, 23.7329695 37.9833122, 23.7329218 37.9832887)",,,,,37.9832887,23.7329218
296,176,175,0,33878737,TRUE,,Ζαλόγγου,residential,0,FALSE,62.966,"LINESTRING (23.7336753 37.9836516, 23.733426 37.983858, 23.7331594 37.984045)",,,,,37.984045,23.7331594
297,177,232,0,449488830,FALSE,,Σουλίου,residential,0,FALSE,29.048,"LINESTRING (23.7334805 37.9844929, 23.7334889 37.9845032, 23.73366 37.9847125)",,,,,37.9847125,23.73366
298,177,120,0,601290889,TRUE,2,Σόλωνος,secondary,2,FALSE,31.596,"LINESTRING (23.7334805 37.9844929, 23.7333468 37.9846596, 23.7332879 37.9847331)",,,,,37.9847331,23.7332879
299,178,179,0,33878747,TRUE,,Γραβιάς,residential,0,FALSE,88.266,"LINESTRING (23.7330888 37.9846272, 23.7322392 37.9849531, 23.7321942 37.984987)",,,,,37.984987,23.7321942
300,178,120,0,636473899,TRUE,1,Εμμανουήλ Μπενάκη,residential,0,FALSE,21.052,"LINESTRING (23.7330888 37.9846272, 23.7332316 37.9847035, 23.7332595 37.9847177, 23.7332879 37.9847331)",,,,,37.9847331,23.7332879
301,179,117,0,601303882,TRUE,,Θεμιστοκλέους,residential,0,FALSE,48.895,"LINESTRING (23.7321942 37.984987, 23.731847 37.9848036, 23.7317854 37.9847713, 23.7317305 37.9847425)",,,,,37.9847425,23.7317305
302,180,231,0,41806625,TRUE,2,,primary_link,1,FALSE,68.262,"LINESTRING (23.7312765 37.9912906, 23.73134 37.9913482, 23.7315763 37.9914468, 23.7316024 37.9914571, 23.7319461 37.9915948)",,,,,37.9915948,23.7319461
303,180,235,0,163711428,TRUE,3,28ης Οκτωβρίου,primary,1,FALSE,44.288,"LINESTRING (23.7312765 37.9912906, 23.7313553 37.9915854, 23.731379 37.9916806)",,,ΕΟ1,,37.9916806,23.731379
304,180,164,0,"[1050850178, 1050850174]",TRUE,,Ιουλιανού,residential,0,FALSE,82.794,"LINESTRING (23.7312765 37.9912906, 23.7320746 37.9911575, 23.7322008 37.9911364)",,,,,37.9911364,23.7322008
305,181,182,0,41806621,TRUE,1,,secondary_link,2,FALSE,74.445,"LINESTRING (23.7329792 37.9915271, 23.7327767 37.9917861, 23.7325888 37.9920265, 23.7325336 37.9920971)",,,,,37.9920971,23.7325336
306,181,162,0,299888949,TRUE,4,Αλεξάνδρας,primary,1,FALSE,53.518,"LINESTRING (23.7329792 37.9915271, 23.7325307 37.9916033, 23.7324808 37.9916118, 23.7323822 37.9916285)",50,,,,37.9916285,23.7323822
307,182,169,0,299888948,TRUE,3,Μαυροματαίων,secondary,2,FALSE,67.035,"LINESTRING (23.7325336 37.9920971, 23.7326721 37.99269)",,,,,37.99269,23.7326721
308,183,248,0,41806623,TRUE,1,,primary_link,1,FALSE,54.372,"LINESTRING (23.7318478 37.9917193, 23.7317298 37.9918575, 23.7316773 37.9919116, 23.7316216 37.991969, 23.7316072 37.9919838, 23.7316005 37.9919912, 23.7314787 37.992112)",,,,,37.992112,23.7314787
309,183,234,0,163711425,TRUE,4,Αλεξάνδρας,primary,1,FALSE,39.512,"LINESTRING (23.7318478 37.9917193, 23.7315575 37.9917687, 23.7314517 37.9917898, 23.7314073 37.9917942)",50,,,,37.9917942,23.7314073
310,184,217,0,10741747,TRUE,2,Καποδιστρίου,primary,1,FALSE,120.467,"LINESTRING (23.7299917 37.9864606, 23.7298442 37.9864882, 23.7287446 37.9866594, 23.7286444 37.986675)",,,,,37.986675,23.7286444
311,184,141,0,311408820,TRUE,3,28ης Οκτωβρίου,primary,1,FALSE,57.055,"LINESTRING (23.7299917 37.9864606, 23.7299521 37.9862869, 23.7299157 37.9861277, 23.7298764 37.9859556)",,,ΕΟ1,,37.9859556,23.7298764
312,185,57,0,693488162,TRUE,,Μετσόβου,residential,0,FALSE,39.513,"LINESTRING (23.7353908 37.9901202, 23.7349494 37.9901927)",,,,,37.9901927,23.7349494
313,185,137,0,1030692605,FALSE,1,Σπύρου Τρικούπη,tertiary,3,FALSE,5.408,"LINESTRING (23.7353908 37.9901202, 23.7353794 37.9900724)",,,,,37.9900724,23.7353794
314,186,40,0,295083397,TRUE,2,Μάρνη,primary,1,FALSE,17.141,"LINESTRING (23.7306793 37.9894966, 23.7308398 37.9895847)",,,,,37.9895847,23.7308398
315,186,211,0,295083396,TRUE,2,28ης Οκτωβρίου,primary,1,FALSE,33.724,"LINESTRING (23.7306793 37.9894966, 23.730637 37.9893252, 23.7306058 37.9891989)",,,ΕΟ1,,37.9891989,23.7306058
316,187,109,0,260124786,TRUE,2,Ακαδημίας,secondary,2,FALSE,61.134,"LINESTRING (23.7336127 37.9824431, 23.7336959 37.9823414, 23.7339141 37.9820748, 23.7339787 37.9819953, 23.7339908 37.9819811)",,,,,37.9819811,23.7339908
317,187,110,0,634252646,TRUE,1,Μαυρομιχάλη,residential,0,FALSE,112.707,"LINESTRING (23.7336127 37.9824431, 23.7336794 37.982477, 23.7346432 37.9829707, 23.7346798 37.9829886, 23.7346918 37.9829944)",,,,,37.9829944,23.7346918
318,188,181,0,299888950,TRUE,3,Αλεξάνδρας,primary,1,FALSE,100.015,"LINESTRING (23.7340988 37.9913526, 23.7331023 37.9915073, 23.7329792 37.9915271)",50,,,,37.9915271,23.7329792
319,189,154,0,194636586,TRUE,1,Σπύρου Τρικούπη,tertiary,3,FALSE,11.327,"LINESTRING (23.7356301 37.9911134, 23.7356042 37.9910136)",,,,,37.9910136,23.7356042
320,189,188,0,207979571,TRUE,3,Αλεξάνδρας,primary,1,FALSE,136.803,"LINESTRING (23.7356301 37.9911134, 23.7354392 37.9911432, 23.7342107 37.9913351, 23.7341569 37.9913435, 23.7340988 37.9913526)",50,,,,37.9913526,23.7340988
321,190,70,0,11031664,TRUE,,Παλαιολόγου Κωνσταντίνου,residential,0,FALSE,69.125,"LINESTRING (23.7242178 37.9883075, 23.724988 37.9881734)",,,,,37.9881734,23.724988
322,190,191,0,49864482,FALSE,,Ταρελλά,residential,0,TRUE,97.785,"LINESTRING (23.7242178 37.9883075, 23.724221 37.9874281)",,,,,37.9874281,23.724221
323,191,190,0,49864482,FALSE,,Ταρελλά,residential,0,FALSE,97.785,"LINESTRING (23.724221 37.9874281, 23.7242178 37.9883075)",,,,,37.9883075,23.7242178
324,191,246,0,776858693,TRUE,,Μαιζώνος,residential,0,FALSE,48.706,"LINESTRING (23.724221 37.9874281, 23.7236788 37.9875243)",30,,,,37.9875243,23.7236788
325,192,15,0,1098831917,TRUE,1,Φαβιέρου,residential,0,FALSE,44.401,"LINESTRING (23.7229805 37.9869554, 23.7234134 37.9868928, 23.7234789 37.9868837)",,8.9,,,37.9868837,23.7234789
326,193,194,0,50003888,TRUE,1,Γκυιλφόρδου,residential,0,FALSE,115.388,"LINESTRING (23.7301271 37.9926739, 23.7301933 37.9926637, 23.7313004 37.9924925, 23.7314192 37.9924741)",,,,,37.9924741,23.7314192
327,193,195,0,222941079,TRUE,2,3ης Σεπτεμβρίου,secondary,2,FALSE,12.569,"LINESTRING (23.7301271 37.9926739, 23.7301431 37.9927376, 23.7301518 37.9927852)",,,,,37.9927852,23.7301518
328,194,165,0,661184019,TRUE,3,28ης Οκτωβρίου,primary,1,FALSE,45.273,"LINESTRING (23.7314192 37.9924741, 23.7313195 37.9920746)",,,ΕΟ1,,37.9920746,23.7313195
329,196,168,0,31985512,TRUE,,Αλιτσης,residential,0,FALSE,45.983,"LINESTRING (23.7289639 37.9912319, 23.7290485 37.991597, 23.7290582 37.9916387)",,,,,37.9916387,23.7290582
330,196,197,0,50004120,FALSE,,Τρικόρφων,residential,0,FALSE,69.682,"LINESTRING (23.7289639 37.9912319, 23.7296952 37.9911666, 23.729754 37.9911613)",,,,,37.9911613,23.729754
331,197,196,0,50004120,FALSE,,Τρικόρφων,residential,0,TRUE,69.682,"LINESTRING (23.729754 37.9911613, 23.7296952 37.9911666, 23.7289639 37.9912319)",,,,,37.9912319,23.7289639
332,197,45,0,207971478,TRUE,2,3ης Σεπτεμβρίου,secondary,2,FALSE,40.068,"LINESTRING (23.729754 37.9911613, 23.7298234 37.991459, 23.7298268 37.9914738, 23.7298367 37.9915157)",,,,,37.9915157,23.7298367
333,198,199,0,50004617,TRUE,,Πλατεία Μαυροκορδάτου,primary_link,1,FALSE,26.718,"LINESTRING (23.7267009 37.9885834, 23.7264599 37.9886181, 23.726401 37.9886266)",,,,,37.9886266,23.726401
334,199,27,0,10741760,TRUE,1,Μάγερ,primary,1,FALSE,93.268,"LINESTRING (23.726401 37.9886266, 23.7262072 37.9883438, 23.7259836 37.9880176, 23.72596 37.9879832, 23.7258952 37.9878886)",,,,,37.9878886,23.7258952
335,201,137,0,444374147,TRUE,,Καλλιδρομίου,residential,0,FALSE,49.37,"LINESTRING (23.7356693 37.9896917, 23.7353794 37.9900724)",,,,,37.9900724,23.7353794
336,202,203,0,51249393,TRUE,,Βησσαρίωνος,residential,0,FALSE,92.205,"LINESTRING (23.7354357 37.9792474, 23.7348434 37.9799327)",,,,,37.9799327,23.7348434
337,202,90,0,299510530,TRUE,,Ομήρου,residential,0,FALSE,112.288,"LINESTRING (23.7354357 37.9792474, 23.7346781 37.9788507, 23.7344641 37.9787387, 23.7343686 37.9786886)",,,,,37.9786886,23.7343686
338,203,104,0,327261701,TRUE,,Σίνα,residential,0,FALSE,111.658,"LINESTRING (23.7348434 37.9799327, 23.7344672 37.9797196, 23.7339649 37.9794225, 23.7339337 37.9794016, 23.73382 37.9793349)",,,,,37.9793349,23.73382
339,204,138,0,"[308262388, 10971765]",TRUE,,Τζωρτζ,residential,0,FALSE,63.28,"LINESTRING (23.7316134 37.9856916, 23.7315809 37.9856665, 23.7315152 37.9856161, 23.7314776 37.9855304, 23.7314443 37.9853822, 23.7314254 37.9853038, 23.7314181 37.9852414, 23.7313805 37.98517)",,,,,37.98517,23.7313805
340,205,218,0,50004618,TRUE,1,,primary_link,1,FALSE,30.329,"LINESTRING (23.7269458 37.9870356, 23.7269383 37.9871249, 23.7269427 37.9871698, 23.7269696 37.987231, 23.72701 37.9872972)",,,,,37.9872972,23.72701
341,205,220,0,222897513,TRUE,1,Καποδιστρίου,primary,1,FALSE,19.895,"LINESTRING (23.7269458 37.9870356, 23.7268851 37.9870997, 23.7268501 37.9871309, 23.7268008 37.987173)",,,,,37.987173,23.7268008
342,206,244,0,51249356,TRUE,,Χρήστου Λαδά,residential,0,FALSE,21.689,"LINESTRING (23.7322178 37.9784184, 23.7320061 37.9783174)",,,,,37.9783174,23.7320061
343,207,14,0,10976435,FALSE,4,Μάρνη,secondary,2,FALSE,51.122,"LINESTRING (23.7252346 37.9862947, 23.7257031 37.9865686)",,,,,37.9865686,23.7257031
344,207,4,0,10976435,FALSE,4,Μάρνη,secondary,2,TRUE,33.934,"LINESTRING (23.7252346 37.9862947, 23.7251001 37.9862161, 23.725086 37.9862079, 23.7249236 37.9861129)",,,,,37.9861129,23.7249236
345,208,225,0,"[87082472, 5728492]",TRUE,3,Βασιλίσσης Σοφίας,primary_link,1,FALSE,28.295,"LINESTRING (23.7360978 37.9761678, 23.7359932 37.9761716, 23.73597 37.9761711, 23.7359351 37.9761621, 23.735903 37.9761473, 23.7357956 37.9761034)",30,,ΕΟ54,,37.9761034,23.7357956
346,208,236,0,170993800,FALSE,4,Βασιλίσσης Σοφίας,primary,1,TRUE,134.969,"LINESTRING (23.7360978 37.9761678, 23.7368125 37.9760767, 23.7374561 37.9759947, 23.7375102 37.9759878, 23.7376179 37.9759741)",,,ΕΟ54,,37.9759741,23.7376179
347,208,97,0,227444705,TRUE,1,,primary_link,1,FALSE,45.036,"LINESTRING (23.7360978 37.9761678, 23.7360229 37.9762163, 23.7359709 37.9762499, 23.7359561 37.9762632, 23.7359462 37.976272, 23.7359033 37.9763171, 23.7358805 37.976364, 23.7358577 37.97642, 23.7358438 37.9765)",,,,yes,37.9765,23.7358438
348,209,98,0,298744689,TRUE,5,Βασιλίσσης Αμαλίας,primary,1,FALSE,13.248,"LINESTRING (23.7357623 37.9758298, 23.7357767 37.9759484)",30,,ΕΟ91,,37.9759484,23.7357767
349,209,247,0,"[81916368, 87082463]",TRUE,1,,primary,1,FALSE,24.991,"LINESTRING (23.7357623 37.9758298, 23.7356838 37.9759605, 23.7356634 37.9759944, 23.7356402 37.9760329)",,,,,37.9760329,23.7356402
350,211,42,0,260124785,TRUE,2,28ης Οκτωβρίου,primary,1,FALSE,61.492,"LINESTRING (23.7306058 37.9891989, 23.7305165 37.9888376, 23.7305078 37.9888025, 23.7304716 37.9886561)",,,ΕΟ1,,37.9886561,23.7304716
351,212,211,0,82619472,TRUE,1,,primary_link,1,FALSE,30.846,"LINESTRING (23.7303329 37.9892924, 23.7304809 37.9893161, 23.7305223 37.9892999, 23.7305663 37.9892633, 23.7306058 37.9891989)",,,,,37.9891989,23.7306058
352,212,186,0,260124784,TRUE,3,Μάρνη,primary,1,FALSE,37.909,"LINESTRING (23.7303329 37.9892924, 23.7305181 37.9894021, 23.7305556 37.9894243, 23.7306793 37.9894966)",,,,,37.9894966,23.7306793
353,213,215,0,82682799,TRUE,1,,primary_link,1,FALSE,24.296,"LINESTRING (23.7271435 37.9865524, 23.7271123 37.9864746, 23.727078 37.9864341, 23.7269891 37.9863805)",,,,,37.9863805,23.7269891
354,213,147,0,972965170,TRUE,2,Καματερού,primary,1,FALSE,29.621,"LINESTRING (23.7271435 37.9865524, 23.7271706 37.9864978, 23.7271929 37.986457, 23.7273229 37.9863298)",,,,,37.9863298,23.7273229
355,214,0,0,838111475,TRUE,2,Μάρνη,primary,1,FALSE,8.157,"LINESTRING (23.7267556 37.9872173, 23.726682 37.9871724)",,,,,37.9871724,23.726682
356,214,26,0,54700033,TRUE,2,Αχαρνών,primary,1,FALSE,98.296,"LINESTRING (23.7267556 37.9872173, 23.7267175 37.9872696, 23.726687 37.9873202, 23.7266642 37.9873763, 23.7266563 37.9874042, 23.7266501 37.9874382, 23.7266763 37.9880837)",,,,,37.9880837,23.7266763
357,215,29,0,85392263,TRUE,1,Χαλκοκονδύλη,secondary,2,FALSE,82.568,"LINESTRING (23.7269891 37.9863805, 23.7261222 37.9865071, 23.7260626 37.9865152)",,,,,37.9865152,23.7260626
358,216,10,0,384593010,TRUE,3,Μάρνη,primary,1,FALSE,98.046,"LINESTRING (23.7282268 37.9880446, 23.7289565 37.988477, 23.7290147 37.9885114, 23.7291214 37.9885741)",,,,,37.9885741,23.7291214
359,217,19,0,222897513,TRUE,1,Καποδιστρίου,primary,1,FALSE,106.424,"LINESTRING (23.7286444 37.986675, 23.7285363 37.9866933, 23.7275396 37.9868592, 23.7275091 37.9868641, 23.7274563 37.9868729)",,,,,37.9868729,23.7274563
360,217,21,0,260824573,TRUE,3,3ης Σεπτεμβρίου,primary,1,FALSE,62.364,"LINESTRING (23.7286444 37.986675, 23.7287657 37.9871585, 23.7287744 37.9871932, 23.7287824 37.9872252)",,,,,37.9872252,23.7287824
361,218,230,0,"[887747034, 838111476]",TRUE,2,Μάρνη,primary,1,FALSE,17.344,"LINESTRING (23.72701 37.9872972, 23.727061 37.9873277, 23.7271499 37.9874066)",,,,,37.9874066,23.7271499
362,219,68,0,82682788,TRUE,1,,primary_link,1,FALSE,33.848,"LINESTRING (23.7265063 37.9873279, 23.726507 37.9872316, 23.7265071 37.9871867, 23.7265099 37.987143, 23.7265069 37.9871163, 23.7264979 37.987092, 23.7264849 37.9870739, 23.7264514 37.9870356)",,,,,37.9870356,23.7264514
363,219,0,0,222899032,TRUE,2,Λιοσίων,primary,1,FALSE,23.158,"LINESTRING (23.7265063 37.9873279, 23.7265652 37.9872738, 23.7265972 37.9872445, 23.726682 37.9871724)",,,,,37.9871724,23.726682
364,220,214,0,210103168,TRUE,2,Καποδιστρίου,primary,1,FALSE,6.321,"LINESTRING (23.7268008 37.987173, 23.7267556 37.9872173)",,,,,37.9872173,23.7267556
365,220,218,0,261671454,TRUE,2,Μάρνη,primary,1,FALSE,22.954,"LINESTRING (23.7268008 37.987173, 23.7268899 37.9872254, 23.72701 37.9872972)",,,,,37.9872972,23.72701
366,221,216,0,82682794,TRUE,1,,primary_link,1,FALSE,22.84,"LINESTRING (23.7282446 37.9878474, 23.728204 37.9879477, 23.7282069 37.9880075, 23.7282268 37.9880446)",,,,,37.9880446,23.7282268
367,221,24,0,189099792,TRUE,2,Στουρνάρη,secondary,2,FALSE,23.805,"LINESTRING (23.7282446 37.9878474, 23.7281014 37.987869, 23.7279778 37.9878876)",,,,,37.9878876,23.7279778
368,222,220,0,284503673,TRUE,2,Μάρνη,primary,1,FALSE,7.627,"LINESTRING (23.7267319 37.9871311, 23.7268008 37.987173)",,,,,37.987173,23.7268008
369,222,213,0,284503674,TRUE,2,Καματερού,primary,1,FALSE,75.05,"LINESTRING (23.7267319 37.9871311, 23.7267887 37.9870878, 23.7269342 37.9869629, 23.7269578 37.9869329, 23.7269762 37.9869029, 23.7271435 37.9865524)",,,,,37.9865524,23.7271435
370,223,245,0,670872012,TRUE,4,Παναγή Τσαλδάρη,primary,1,FALSE,80.575,"LINESTRING (23.725807 37.9830717, 23.7261695 37.9832309, 23.7262401 37.9832619, 23.726395 37.98333, 23.7266101 37.9834244)",50,,ΕΟ56,,37.9834244,23.7266101
371,224,201,0,444374147,TRUE,,Καλλιδρομίου,residential,0,FALSE,8.486,"LINESTRING (23.7357192 37.9896263, 23.7356693 37.9896917)",,,,,37.9896917,23.7356693
372,225,97,0,"[87082469, 1040608909, 687831199]",TRUE,3,Ελευθερίου Βενιζέλου,primary,1,FALSE,44.301,"LINESTRING (23.7357956 37.9761034, 23.7358058 37.9761876, 23.7358146 37.9762596, 23.7358256 37.9763502, 23.7358438 37.9765)",50,,,,37.9765,23.7358438
373,225,247,0,"[790400745, 560974709]",TRUE,3,Βασιλέως Γεωργίου Α',primary,1,FALSE,15.716,"LINESTRING (23.7357956 37.9761034, 23.7357231 37.9760705, 23.7356402 37.9760329)",,,ΕΟ54,,37.9760329,23.7356402
374,226,210,0,82615574,TRUE,,Πλ. Αιγύπτου,residential,0,FALSE,36.424,"LINESTRING (23.7324856 37.9919489, 23.7321946 37.9919877, 23.7321519 37.9919934, 23.732113 37.9920094, 23.7320958 37.9920319)",,,,,37.9920319,23.7320958
375,226,182,0,"[996823384, 996823385, 996823386]",TRUE,1,Μαυροματαίων,secondary,2,FALSE,17.007,"LINESTRING (23.7324856 37.9919489, 23.7324954 37.9919792, 23.7325103 37.9920251, 23.7325336 37.9920971)",,,,,37.9920971,23.7325336
376,227,96,0,23182833,TRUE,,Κριεζώτου,residential,0,FALSE,168.123,"LINESTRING (23.7358882 37.9768844, 23.736014 37.9769449, 23.7369764 37.9774078, 23.7372497 37.9775393, 23.7374194 37.9776209, 23.7374294 37.9776257, 23.7375253 37.9776723)",,,,,37.9776723,23.7375253
377,227,89,0,"[167920360, 23182965]",TRUE,"['4', '5']",Ελευθερίου Βενιζέλου,primary,1,FALSE,161.334,"LINESTRING (23.7358882 37.9768844, 23.7358652 37.9769314, 23.7358165 37.9769915, 23.7356969 37.9771317, 23.7356672 37.9771657, 23.7356124 37.9772234, 23.7353278 37.9775587, 23.7349743 37.9779751, 23.7349389 37.9780169, 23.7348738 37.9780935)",50,,,,37.9780935,23.7348738
378,228,139,0,"[32357772, 52493439]",TRUE,,"['Βερανζέρου', 'Κάνιγγος']",residential,0,FALSE,143.512,"LINESTRING (23.7307639 37.9858092, 23.7307177 37.9856392, 23.7306244 37.9852654, 23.7306177 37.9852385, 23.7300884 37.9853198, 23.7300123 37.9853314, 23.7298439 37.9853573, 23.7298159 37.9853616, 23.7297355 37.985374)",,,,,37.985374,23.7297355
379,228,138,0,52493441,TRUE,2,Ακαδημίας,secondary,2,FALSE,89.322,"LINESTRING (23.7307639 37.9858092, 23.7309192 37.9856636, 23.7311349 37.9854358, 23.731233 37.9853313, 23.7312656 37.9852966, 23.7313805 37.98517)",,,,,37.98517,23.7313805
380,229,230,0,82682785,FALSE,4,Μάρνη,primary,1,TRUE,10.589,"LINESTRING (23.7272465 37.9874638, 23.7271499 37.9874066)",,,,,37.9874066,23.7271499
381,229,22,0,887747035,FALSE,4,Μάρνη,primary,1,FALSE,45.414,"LINESTRING (23.7272465 37.9874638, 23.7276613 37.9877086)",,,,,37.9877086,23.7276613
382,229,20,0,10741757,TRUE,,Σολωμού,residential,0,FALSE,30.522,"LINESTRING (23.7272465 37.9874638, 23.727542 37.9874179, 23.7275882 37.9874107)",,,,,37.9874107,23.7275882
383,230,229,0,82682785,FALSE,4,Μάρνη,primary,1,FALSE,10.589,"LINESTRING (23.7271499 37.9874066, 23.7272465 37.9874638)",,,,,37.9874638,23.7272465
384,230,214,0,"[384593009, 838111475]",TRUE,2,Μάρνη,primary,1,FALSE,40.84,"LINESTRING (23.7271499 37.9874066, 23.7270105 37.9873668, 23.7268761 37.9872893, 23.7268514 37.9872746, 23.7267556 37.9872173)",,,,,37.9872173,23.7267556
385,231,163,0,400829834,TRUE,4,Αλεξάνδρας,primary,1,FALSE,31.938,"LINESTRING (23.7319461 37.9915948, 23.7322254 37.9915525, 23.732304 37.9915406)",50,,,,37.9915406,23.732304
386,232,177,0,449488830,FALSE,,Σουλίου,residential,0,TRUE,29.048,"LINESTRING (23.73366 37.9847125, 23.7334889 37.9845032, 23.7334805 37.9844929)",,,,,37.9844929,23.7334805
387,233,235,0,758432182,TRUE,4,Αλεξάνδρας,primary,1,FALSE,13.361,"LINESTRING (23.7312294 37.9917038, 23.731379 37.9916806)",50,,,,37.9916806,23.731379
388,233,46,0,"[583814443, 758432181]",TRUE,"['4', '5']",28ης Οκτωβρίου,primary,1,FALSE,44.502,"LINESTRING (23.7312294 37.9917038, 23.7312121 37.991646, 23.7311278 37.9913117)",,,ΕΟ1,,37.9913117,23.7311278
389,234,242,0,878082496,TRUE,4,Αλεξάνδρας,primary,1,FALSE,13.425,"LINESTRING (23.7314073 37.9917942, 23.7312574 37.9918191)",50,,,,37.9918191,23.7312574
390,234,248,0,163711429,TRUE,3,28ης Οκτωβρίου,primary,1,FALSE,35.887,"LINESTRING (23.7314073 37.9917942, 23.7314313 37.9919013, 23.7314787 37.992112)",,,ΕΟ1,,37.992112,23.7314787
391,235,234,0,878082497,TRUE,3,28ης Οκτωβρίου,primary,1,FALSE,12.873,"LINESTRING (23.731379 37.9916806, 23.7314073 37.9917942)",,,ΕΟ1,,37.9917942,23.7314073
392,235,231,0,878082498,TRUE,4,Αλεξάνδρας,primary,1,FALSE,50.604,"LINESTRING (23.731379 37.9916806, 23.7314182 37.9916751, 23.7319461 37.9915948)",50,,,,37.9915948,23.7319461
393,236,208,0,170993800,FALSE,4,Βασιλίσσης Σοφίας,primary,1,FALSE,134.969,"LINESTRING (23.7376179 37.9759741, 23.7375102 37.9759878, 23.7374561 37.9759947, 23.7368125 37.9760767, 23.7360978 37.9761678)",,,ΕΟ54,,37.9761678,23.7360978
394,237,103,0,23182848,TRUE,2,Κανάρη,tertiary,3,FALSE,74.249,"LINESTRING (23.7378391 37.9772926, 23.7379435 37.9772784, 23.7386739 37.9771792)",,,,,37.9771792,23.7386739
395,237,236,0,298828555,TRUE,3,Ακαδημίας,secondary,2,FALSE,148.749,"LINESTRING (23.7378391 37.9772926, 23.7378633 37.9772235, 23.7378677 37.9771369, 23.7377464 37.976581, 23.7376581 37.9761762, 23.7376486 37.9761322, 23.7376179 37.9759741)",,,,,37.9759741,23.7376179
396,238,48,0,10971767,TRUE,,Κάνιγγος,residential,0,FALSE,62.469,"LINESTRING (23.7310243 37.986877, 23.7308978 37.9863645, 23.7308878 37.9863256)",,,,,37.9863256,23.7308878
397,240,1,0,10976435,FALSE,4,Μάρνη,secondary,2,TRUE,61.072,"LINESTRING (23.7246801 37.9859706, 23.7241204 37.9856434)",,,,,37.9856434,23.7241204
398,240,4,0,10976435,FALSE,4,Μάρνη,secondary,2,FALSE,26.566,"LINESTRING (23.7246801 37.9859706, 23.7248063 37.9860443, 23.7248266 37.9860562, 23.7249236 37.9861129)",,,,,37.9861129,23.7249236
399,241,83,0,"[952108568, 907519290, 23183380]",TRUE,1,"['Σταύρου Γεωργίου', 'Αιόλου']","['residential', 'living_street']",0,FALSE,134.089,"LINESTRING (23.7289059 37.9820107, 23.7288739 37.9818789, 23.7289697 37.9818641, 23.730038 37.9816993, 23.730104 37.981685, 23.7302053 37.9816631)",,,,,37.9816631,23.7302053
400,242,233,0,778622871,TRUE,5,28ης Οκτωβρίου,primary,1,FALSE,13.053,"LINESTRING (23.7312574 37.9918191, 23.7312294 37.9917038)",,,ΕΟ1,,37.9917038,23.7312294
401,243,210,0,82615566,TRUE,,Πλ. Αιγύπτου,residential,0,FALSE,57.366,"LINESTRING (23.7314861 37.9921449, 23.7315605 37.9921341, 23.731607 37.9921277, 23.7319307 37.9920803, 23.7319544 37.9920793, 23.731976 37.9920802, 23.7320063 37.9920858, 23.7320215 37.9920878, 23.7320347 37.9920875, 23.7320481 37.9920843, 23.7320592 37.9920787, 23.7320683 37.9920716, 23.7320759 37.9920622, 23.7320958 37.9920319)",,,,,37.9920319,23.7320958
402,245,78,0,280005151,TRUE,,Σωκράτους,residential,0,FALSE,60.995,"LINESTRING (23.7266101 37.9834244, 23.7265907 37.9833504, 23.7264693 37.9828872)",,,,,37.9828872,23.7264693
403,245,171,0,"[280005152, 23182962, 725187180, 298298663]",TRUE,3,"['Πλατεία Ομονοίας', 'Σταδίου', 'Παναγή Τσαλδάρη']",primary,1,FALSE,237.246,"LINESTRING (23.7266101 37.9834244, 23.7267154 37.9834708, 23.7268668 37.9835377, 23.7270168 37.9836039, 23.7271472 37.9836615, 23.7273191 37.9837374, 23.7273798 37.9837619, 23.7274052 37.9837683, 23.7274635 37.9837827, 23.7275152 37.9837915, 23.7275643 37.9837978, 23.7276388 37.9837871, 23.7279219 37.9837467, 23.7280637 37.9837264, 23.7281813 37.9837067, 23.7284125 37.983668, 23.7284513 37.9836598, 23.7284943 37.9836478, 23.7285323 37.9836309, 23.7285708 37.9836105, 23.728584 37.9835964, 23.7288298 37.983293, 23.7288642 37.9832504, 23.7288925 37.9832153)",50,,ΕΟ56,,37.9832153,23.7288925
404,246,74,0,634244587,TRUE,,Ακομινάτου,residential,0,FALSE,47.529,"LINESTRING (23.7236788 37.9875243, 23.7237962 37.9879416)",30,6.2,,,37.9879416,23.7237962
405,247,2,0,"[789796814, 87082462]",TRUE,3,Βασιλέως Γεωργίου Α',primary,1,FALSE,112.067,"LINESTRING (23.7356402 37.9760329, 23.7354906 37.9760527, 23.734537 37.9761789, 23.7344992 37.9761839, 23.7343793 37.9761998)",30,,,,37.9761998,23.7343793
406,248,243,0,163711429,TRUE,3,28ης Οκτωβρίου,primary,1,FALSE,3.715,"LINESTRING (23.7314787 37.992112, 23.7314861 37.9921449)",,,ΕΟ1,,37.9921449,23.7314861
407,249,28,0,48820562,FALSE,2,Λιοσίων,secondary,2,TRUE,6.932,"LINESTRING (23.7250288 37.9888743, 23.7250694 37.9888208)",30,,,,37.9888208,23.7250694
408,249,77,0,48820562,FALSE,2,Λιοσίων,secondary,2,FALSE,9.792,"LINESTRING (23.7250288 37.9888743, 23.7250002 37.9889121, 23.7249715 37.9889499)",30,,,,37.9889499,23.7249715
409,250,28,0,883118288,TRUE,2,Σουρμελή,secondary,2,FALSE,5.117,"LINESTRING (23.7250927 37.988863, 23.7250694 37.9888208)",,,,,37.9888208,23.7250694
410,250,249,0,883118289,TRUE,2,Σουρμελή,secondary,2,FALSE,5.739,"LINESTRING (23.7250927 37.988863, 23.7250288 37.9888743)",,,,,37.9888743,23.7250288
411,251,36,0,82682796,FALSE,4,Μάρνη,secondary,2,TRUE,25.402,"LINESTRING (23.7263633 37.9869547, 23.7263268 37.9869334, 23.7261306 37.9868185)",,,,,37.9868185,23.7261306
412,251,222,0,"[838111478, 384593007]",TRUE,2,Μάρνη,secondary,2,FALSE,38.229,"LINESTRING (23.7263633 37.9869547, 23.7264947 37.9869894, 23.7265965 37.9870502, 23.7266407 37.9870766, 23.7267319 37.9871311)",,,,,37.9871311,23.7267319
413,252,253,0,299510181,TRUE,2,Σόλωνος,secondary,2,FALSE,55.86,"LINESTRING (23.735425 37.9820951, 23.7354135 37.9821094, 23.7351226 37.9824704, 23.7350999 37.9824987, 23.7350832 37.9825191)",,,,,37.9825191,23.7350832
414,253,109,0,259803254,TRUE,2,Ιπποκράτους,tertiary,3,FALSE,112.926,"LINESTRING (23.7350832 37.9825191, 23.734598 37.9822663, 23.7341095 37.9820369, 23.7340747 37.9820203, 23.7339908 37.9819811)",,,,,37.9819811,23.7339908
415,253,110,0,259803255,TRUE,2,Σόλωνος,secondary,2,FALSE,63.007,"LINESTRING (23.7350832 37.9825191, 23.7350684 37.9825369, 23.7346918 37.9829944)",,,,,37.9829944,23.7346918
416,254,148,0,299510181,TRUE,2,Σόλωνος,secondary,2,FALSE,61.173,"LINESTRING (23.7364526 37.9808197, 23.7364228 37.9808567, 23.7362909 37.9810204, 23.7360784 37.9812841)",,,,,37.9812841,23.7360784
417,255,149,0,299510180,TRUE,,Ομήρου,residential,0,FALSE,111.192,"LINESTRING (23.7370345 37.9800974, 23.7360634 37.979576, 23.7360225 37.9795546, 23.7359852 37.9795354)",,,,,37.9795354,23.7359852
418,255,254,0,299510181,TRUE,2,Σόλωνος,secondary,2,FALSE,95.141,"LINESTRING (23.7370345 37.9800974, 23.7370101 37.9801276, 23.7364827 37.9807823, 23.7364526 37.9808197)",,,,,37.9808197,23.7364526
419,256,259,0,309269227,TRUE,,Σίνα,residential,0,FALSE,13.37,"LINESTRING (23.735395 37.9802494, 23.7352717 37.9801786)",,,,,37.9801786,23.7352717
420,256,254,0,80404724,TRUE,,Σίνα,residential,0,FALSE,112.312,"LINESTRING (23.735395 37.9802494, 23.7354215 37.9802637, 23.7363969 37.9807894, 23.7364293 37.9808076, 23.7364526 37.9808197)",,,,,37.9808197,23.7364526
421,256,149,0,168914458,TRUE,4,Ακαδημίας,secondary,2,FALSE,94.759,"LINESTRING (23.735395 37.9802494, 23.735937 37.9795937, 23.7359852 37.9795354)",,,,,37.9795354,23.7359852
422,257,258,0,1214975690,FALSE,,Μενάνδρου,residential,0,TRUE,45.38,"LINESTRING (23.7261732 37.9848608, 23.7256652 37.9849398)",,,,,37.9849398,23.7256652
423,258,257,0,1214975690,FALSE,,Μενάνδρου,residential,0,FALSE,45.38,"LINESTRING (23.7256652 37.9849398, 23.7261732 37.9848608)",,,,,37.9848608,23.7261732
424,258,143,0,10741722,TRUE,2,Μενάνδρου,tertiary,3,FALSE,45.745,"LINESTRING (23.7256652 37.9849398, 23.7255934 37.9846617, 23.7255609 37.9845367)",,,,,37.9845367,23.7255609
425,259,134,0,23183967,FALSE,1,Πλατεία Κωστή Παλαμά,residential,0,TRUE,166.641,"LINESTRING (23.7352717 37.9801786, 23.7347693 37.9807557, 23.734708 37.9808279, 23.7342711 37.9813446, 23.7342104 37.9814219)",,,,,37.9814219,23.7342104
426,259,203,0,309269227,TRUE,,Σίνα,residential,0,FALSE,46.442,"LINESTRING (23.7352717 37.9801786, 23.7351635 37.9801165, 23.7348434 37.9799327)",,,,,37.9799327,23.7348434